temporada,jornada,equipo_local,equipo_visitante,goles_local,goles_visitante,rating_local,rating_visitante
2015,1,Equipo M,Equipo R,2,1,84,86
2015,1,Equipo A,Equipo K,3,1,89,85
2015,1,Equipo G,Equipo K,5,0,90,85
2015,1,Equipo C,Equipo F,1,2,81,83
2015,1,Equipo J,Equipo M,1,3,78,84
2015,1,Equipo L,Equipo S,2,3,81,84
2015,1,Equipo M,Equipo T,1,1,84,88
2015,1,Equipo E,Equipo P,1,2,79,77
2015,1,Equipo O,Equipo Q,1,0,89,84
2015,1,Equipo Q,Equipo T,3,1,84,88
2015,2,Equipo G,Equipo Q,3,0,90,84
2015,2,Equipo D,Equipo L,1,1,75,81
2015,2,Equipo H,Equipo N,5,0,82,76
2015,2,Equipo A,Equipo P,3,0,89,77
2015,2,Equipo M,Equipo P,0,0,84,77
2015,2,Equipo D,Equipo R,2,4,75,86
2015,2,Equipo D,Equipo O,0,1,75,89
2015,2,Equipo K,Equipo R,1,2,85,86
2015,2,Equipo L,Equipo N,1,1,81,76
2015,2,Equipo F,Equipo H,1,0,83,82
2015,3,Equipo H,Equipo R,2,0,82,86
2015,3,Equipo S,Equipo T,1,3,84,88
2015,3,Equipo B,Equipo P,1,1,76,77
2015,3,Equipo A,Equipo N,5,0,89,76
2015,3,Equipo L,Equipo R,2,1,81,86
2015,3,Equipo G,Equipo T,1,0,90,88
2015,3,Equipo P,Equipo R,1,1,77,86
2015,3,Equipo N,Equipo T,1,0,76,88
2015,3,Equipo F,Equipo R,1,0,83,86
2015,3,Equipo G,Equipo R,3,2,90,86
2015,4,Equipo N,Equipo O,1,0,76,89
2015,4,Equipo F,Equipo N,2,1,83,76
2015,4,Equipo C,Equipo J,2,0,81,78
2015,4,Equipo C,Equipo L,2,0,81,81
2015,4,Equipo M,Equipo Q,0,1,84,84
2015,4,Equipo D,Equipo Q,1,1,75,84
2015,4,Equipo B,Equipo E,1,4,76,79
2015,4,Equipo J,Equipo L,0,1,78,81
2015,4,Equipo J,Equipo O,2,1,78,89
2015,4,Equipo K,Equipo T,1,2,85,88
2015,5,Equipo D,Equipo E,1,1,75,79
2015,5,Equipo F,Equipo K,0,2,83,85
2015,5,Equipo B,Equipo F,1,1,76,83
2015,5,Equipo A,Equipo D,0,0,89,75
2015,5,Equipo F,Equipo J,3,0,83,78
2015,5,Equipo D,Equipo P,0,2,75,77
2015,5,Equipo C,Equipo M,2,0,81,84
2015,5,Equipo A,Equipo B,1,0,89,76
2015,5,Equipo B,Equipo T,0,0,76,88
2015,5,Equipo B,Equipo I,1,0,76,88
2015,6,Equipo C,Equipo D,3,0,81,75
2015,6,Equipo N,Equipo S,0,2,76,84
2015,6,Equipo C,Equipo S,1,0,81,84
2015,6,Equipo K,Equipo M,1,1,85,84
2015,6,Equipo G,Equipo S,2,0,90,84
2015,6,Equipo C,Equipo K,2,0,81,85
2015,6,Equipo H,Equipo T,2,0,82,88
2015,6,Equipo E,Equipo H,0,0,79,82
2015,6,Equipo C,Equipo P,2,2,81,77
2015,6,Equipo E,Equipo I,0,2,79,88
2015,7,Equipo B,Equipo Q,0,1,76,84
2015,7,Equipo O,Equipo S,1,0,89,84
2015,7,Equipo I,Equipo S,1,4,88,84
2015,7,Equipo D,Equipo T,1,2,75,88
2015,7,Equipo G,Equipo I,0,0,90,88
2015,7,Equipo E,Equipo N,2,0,79,76
2015,7,Equipo L,Equipo Q,3,0,81,84
2015,7,Equipo D,Equipo I,1,2,75,88
2015,7,Equipo I,Equipo O,1,0,88,89
2015,7,Equipo K,Equipo O,4,2,85,89
2015,8,Equipo B,Equipo L,1,1,76,81
2015,8,Equipo A,Equipo R,2,0,89,86
2015,8,Equipo B,Equipo N,2,1,76,76
2015,8,Equipo H,Equipo Q,1,2,82,84
2015,8,Equipo C,Equipo N,1,2,81,76
2015,8,Equipo F,Equipo L,0,0,83,81
2015,8,Equipo L,Equipo T,0,2,81,88
2015,8,Equipo C,Equipo G,0,2,81,90
2015,8,Equipo B,Equipo O,1,2,76,89
2015,8,Equipo R,Equipo S,1,0,86,84
2015,9,Equipo I,Equipo J,1,0,88,78
2015,9,Equipo G,Equipo M,3,0,90,84
2015,9,Equipo G,Equipo N,4,0,90,76
2015,9,Equipo I,Equipo L,1,1,88,81
2015,9,Equipo M,Equipo O,0,1,84,89
2015,9,Equipo A,Equipo F,3,0,89,83
2015,9,Equipo I,Equipo Q,1,0,88,84
2015,9,Equipo J,Equipo R,1,4,78,86
2015,9,Equipo H,Equipo M,1,2,82,84
2015,9,Equipo J,Equipo S,2,2,78,84
2015,10,Equipo E,Equipo F,1,0,79,83
2015,10,Equipo A,Equipo J,2,1,89,78
2015,10,Equipo P,Equipo T,0,1,77,88
2015,10,Equipo E,Equipo Q,0,3,79,84
2015,10,Equipo C,Equipo E,1,0,81,79
2015,10,Equipo J,Equipo K,2,4,78,85
2015,10,Equipo M,Equipo N,1,0,84,76
2015,10,Equipo A,Equipo H,2,1,89,82
2015,10,Equipo A,Equipo G,1,2,89,90
2015,10,Equipo F,Equipo I,1,2,83,88
2015,11,Equipo J,Equipo Q,1,0,78,84
2015,11,Equipo I,Equipo T,1,1,88,88
2015,11,Equipo H,Equipo I,1,1,82,88
2015,11,Equipo B,Equipo G,0,3,76,90
2015,11,Equipo D,Equipo N,0,3,75,76
2015,11,Equipo E,Equipo R,1,2,79,86
2015,11,Equipo F,Equipo M,0,0,83,84
2015,11,Equipo E,Equipo L,1,0,79,81
2015,11,Equipo K,Equipo S,1,1,85,84
2015,11,Equipo D,Equipo S,0,1,75,84
2015,12,Equipo D,Equipo H,0,0,75,82
2015,12,Equipo H,Equipo K,0,2,82,85
2015,12,Equipo Q,Equipo R,1,2,84,86
2015,12,Equipo J,Equipo P,1,2,78,77
2015,12,Equipo H,Equipo S,0,2,82,84
2015,12,Equipo O,Equipo T,3,3,89,88
2015,12,Equipo B,Equipo K,0,0,76,85
2015,12,Equipo I,Equipo N,4,3,88,76
2015,12,Equipo R,Equipo T,1,2,86,88
2015,12,Equipo K,Equipo L,0,1,85,81
2015,13,Equipo B,Equipo S,0,1,76,84
2015,13,Equipo M,Equipo S,2,1,84,84
2015,13,Equipo E,Equipo M,1,4,79,84
2015,13,Equipo C,Equipo T,3,3,81,88
2015,13,Equipo A,Equipo Q,2,0,89,84
2015,13,Equipo F,Equipo O,4,2,83,89
2015,13,Equipo D,Equipo M,0,3,75,84
2015,13,Equipo E,Equipo G,0,1,79,90
2015,13,Equipo B,Equipo M,0,3,76,84
2015,13,Equipo D,Equipo F,4,2,75,83
2015,14,Equipo C,Equipo Q,0,1,81,84
2015,14,Equipo C,Equipo O,0,0,81,89
2015,14,Equipo F,Equipo G,1,2,83,90
2015,14,Equipo E,Equipo J,3,3,79,78
2015,14,Equipo G,Equipo H,1,0,90,82
2015,14,Equipo F,Equipo P,1,2,83,77
2015,14,Equipo A,Equipo O,2,3,89,89
2015,14,Equipo O,Equipo R,0,1,89,86
2015,14,Equipo B,Equipo R,1,2,76,86
2015,14,Equipo G,Equipo O,1,2,90,89
2015,15,Equipo J,Equipo T,0,3,78,88
2015,15,Equipo E,Equipo O,0,2,79,89
2015,15,Equipo A,Equipo M,2,1,89,84
2015,15,Equipo B,Equipo J,0,0,76,78
2015,15,Equipo C,Equipo I,1,2,81,88
2015,15,Equipo N,Equipo R,1,2,76,86
2015,15,Equipo L,Equipo P,0,3,81,77
2015,15,Equipo E,Equipo T,1,1,79,88
2015,15,Equipo A,Equipo S,2,1,89,84
2015,15,Equipo O,Equipo P,2,0,89,77
2015,16,Equipo H,Equipo P,3,1,82,77
2015,16,Equipo P,Equipo S,1,0,77,84
2015,16,Equipo I,Equipo R,2,1,88,86
2015,16,Equipo I,Equipo P,2,0,88,77
2015,16,Equipo K,Equipo Q,0,0,85,84
2015,16,Equipo G,Equipo P,2,0,90,77
2015,16,Equipo P,Equipo Q,1,2,77,84
2015,16,Equipo L,Equipo O,1,2,81,89
2015,16,Equipo F,Equipo S,0,1,83,84
2015,16,Equipo K,Equipo N,2,0,85,76
2015,17,Equipo D,Equipo K,0,2,75,85
2015,17,Equipo A,Equipo E,5,1,89,79
2015,17,Equipo A,Equipo C,0,1,89,81
2015,17,Equipo L,Equipo M,0,0,81,84
2015,17,Equipo I,Equipo K,1,4,88,85
2015,17,Equipo F,Equipo Q,1,3,83,84
2015,17,Equipo D,Equipo G,1,2,75,90
2015,17,Equipo H,Equipo O,0,4,82,89
2015,17,Equipo B,Equipo C,1,4,76,81
2015,17,Equipo C,Equipo H,2,1,81,82
2015,18,Equipo H,Equipo L,1,1,82,81
2015,18,Equipo G,Equipo L,5,0,90,81
2015,18,Equipo Q,Equipo S,2,0,84,84
2015,18,Equipo E,Equipo S,1,2,79,84
2015,18,Equipo G,Equipo J,6,1,90,78
2015,18,Equipo B,Equipo H,4,3,76,82
2015,18,Equipo N,Equipo P,1,2,76,77
2015,18,Equipo C,Equipo R,2,1,81,86
2015,18,Equipo N,Equipo Q,2,1,76,84
2015,18,Equipo K,Equipo P,3,1,85,77
2015,19,Equipo A,Equipo T,0,1,89,88
2015,19,Equipo B,Equipo D,0,1,76,75
2015,19,Equipo F,Equipo T,3,4,83,88
2015,19,Equipo D,Equipo J,2,3,75,78
2015,19,Equipo I,Equipo M,1,2,88,84
2015,19,Equipo E,Equipo K,1,1,79,85
2015,19,Equipo J,Equipo N,4,3,78,76
2015,19,Equipo H,Equipo J,3,1,82,78
2015,19,Equipo A,Equipo I,2,3,89,88
2015,19,Equipo A,Equipo L,1,0,89,81
2016,1,Equipo A,Equipo H,3,1,92,84
2016,1,Equipo K,Equipo O,2,2,83,90
2016,1,Equipo C,Equipo P,1,1,79,76
2016,1,Equipo C,Equipo S,2,0,79,84
2016,1,Equipo F,Equipo J,0,0,83,76
2016,1,Equipo I,Equipo T,3,1,91,89
2016,1,Equipo F,Equipo N,2,2,83,78
2016,1,Equipo E,Equipo M,1,3,79,86
2016,1,Equipo G,Equipo R,0,2,93,86
2016,1,Equipo G,Equipo J,1,0,93,76
2016,2,Equipo D,Equipo Q,1,3,73,85
2016,2,Equipo C,Equipo I,0,2,79,91
2016,2,Equipo G,Equipo N,3,0,93,78
2016,2,Equipo J,Equipo K,1,1,76,83
2016,2,Equipo E,Equipo K,3,3,79,83
2016,2,Equipo A,Equipo J,3,0,92,76
2016,2,Equipo E,Equipo F,1,2,79,83
2016,2,Equipo K,Equipo N,4,3,83,78
2016,2,Equipo F,Equipo I,0,0,83,91
2016,2,Equipo B,Equipo J,2,1,76,76
2016,3,Equipo I,Equipo R,3,1,91,86
2016,3,Equipo B,Equipo R,2,4,76,86
2016,3,Equipo D,Equipo K,1,2,73,83
2016,3,Equipo F,Equipo R,1,0,83,86
2016,3,Equipo H,Equipo N,2,0,84,78
2016,3,Equipo D,Equipo G,0,4,73,93
2016,3,Equipo E,Equipo I,0,2,79,91
2016,3,Equipo O,Equipo T,1,1,90,89
2016,3,Equipo D,Equipo R,0,4,73,86
2016,3,Equipo F,Equipo L,4,1,83,82
2016,4,Equipo D,Equipo F,0,2,73,83
2016,4,Equipo J,Equipo L,1,2,76,82
2016,4,Equipo A,Equipo B,0,1,92,76
2016,4,Equipo L,Equipo P,2,0,82,76
2016,4,Equipo B,Equipo H,1,1,76,84
2016,4,Equipo M,Equipo Q,3,0,86,85
2016,4,Equipo P,Equipo S,2,2,76,84
2016,4,Equipo A,Equipo D,5,0,92,73
2016,4,Equipo P,Equipo Q,1,3,76,85
2016,4,Equipo Q,Equipo T,1,1,85,89
2016,5,Equipo A,Equipo N,2,0,92,78
2016,5,Equipo I,Equipo M,4,0,91,86
2016,5,Equipo H,Equipo Q,4,1,84,85
2016,5,Equipo J,Equipo M,1,1,76,86
2016,5,Equipo D,Equipo T,0,2,73,89
2016,5,Equipo A,Equipo Q,2,1,92,85
2016,5,Equipo E,Equipo J,2,3,79,76
2016,5,Equipo N,Equipo T,0,2,78,89
2016,5,Equipo A,Equipo E,3,0,92,79
2016,5,Equipo H,Equipo J,2,2,84,76
2016,6,Equipo D,Equipo S,1,1,73,84
2016,6,Equipo H,Equipo K,0,2,84,83
2016,6,Equipo A,Equipo T,2,0,92,89
2016,6,Equipo B,Equipo F,1,1,76,83
2016,6,Equipo R,Equipo S,0,1,86,84
2016,6,Equipo A,Equipo O,1,0,92,90
2016,6,Equipo H,Equipo O,0,2,84,90
2016,6,Equipo H,Equipo T,1,0,84,89
2016,6,Equipo J,Equipo S,1,1,76,84
2016,6,Equipo K,Equipo P,4,0,83,76
2016,7,Equipo B,Equipo K,1,2,76,83
2016,7,Equipo E,Equipo O,0,1,79,90
2016,7,Equipo A,Equipo S,2,1,92,84
2016,7,Equipo C,Equipo Q,3,4,79,85
2016,7,Equipo A,Equipo P,1,0,92,76
2016,7,Equipo A,Equipo L,3,1,92,82
2016,7,Equipo G,Equipo T,1,4,93,89
2016,7,Equipo A,Equipo F,4,1,92,83
2016,7,Equipo M,Equipo R,0,0,86,86
2016,7,Equipo E,Equipo H,2,2,79,84
2016,8,Equipo D,Equipo N,1,1,73,78
2016,8,Equipo L,Equipo O,1,2,82,90
2016,8,Equipo D,Equipo P,1,2,73,76
2016,8,Equipo I,Equipo S,1,0,91,84
2016,8,Equipo J,Equipo N,3,0,76,78
2016,8,Equipo B,Equipo I,1,2,76,91
2016,8,Equipo A,Equipo R,4,1,92,86
2016,8,Equipo P,Equipo T,0,1,76,89
2016,8,Equipo E,Equipo T,1,4,79,89
2016,8,Equipo G,Equipo L,4,2,93,82
2016,9,Equipo Q,Equipo R,3,1,85,86
2016,9,Equipo D,Equipo J,2,3,73,76
2016,9,Equipo K,Equipo S,1,2,83,84
2016,9,Equipo O,Equipo R,3,2,90,86
2016,9,Equipo D,Equipo H,1,1,73,84
2016,9,Equipo I,Equipo P,1,0,91,76
2016,9,Equipo L,Equipo Q,1,2,82,85
2016,9,Equipo A,Equipo C,3,0,92,79
2016,9,Equipo G,Equipo P,3,0,93,76
2016,9,Equipo L,Equipo N,2,0,82,78
2016,10,Equipo N,Equipo P,1,2,78,76
2016,10,Equipo Q,Equipo S,2,2,85,84
2016,10,Equipo N,Equipo Q,0,3,78,85
2016,10,Equipo G,Equipo M,5,0,93,86
2016,10,Equipo I,Equipo N,10,0,91,78
2016,10,Equipo J,Equipo O,3,1,76,90
2016,10,Equipo H,Equipo R,3,0,84,86
2016,10,Equipo L,Equipo S,2,2,82,84
2016,10,Equipo M,Equipo O,1,3,86,90
2016,10,Equipo S,Equipo T,1,1,84,89
2016,11,Equipo L,Equipo M,3,4,82,86
2016,11,Equipo B,Equipo D,0,1,76,73
2016,11,Equipo K,Equipo M,2,3,83,86
2016,11,Equipo D,Equipo I,0,3,73,91
2016,11,Equipo C,Equipo J,2,1,79,76
2016,11,Equipo I,Equipo Q,1,2,91,85
2016,11,Equipo C,Equipo T,3,1,79,89
2016,11,Equipo L,Equipo T,1,4,82,89
2016,11,Equipo L,Equipo R,2,1,82,86
2016,11,Equipo F,Equipo K,2,0,83,83
2016,12,Equipo A,Equipo I,4,1,92,91
2016,12,Equipo I,Equipo K,2,2,91,83
2016,12,Equipo B,Equipo M,0,0,76,86
2016,12,Equipo E,Equipo G,5,2,79,93
2016,12,Equipo H,Equipo S,3,2,84,84
2016,12,Equipo O,Equipo S,5,1,90,84
2016,12,Equipo B,Equipo L,0,1,76,82
2016,12,Equipo F,Equipo P,1,0,83,76
2016,12,Equipo H,Equipo I,4,1,84,91
2016,12,Equipo C,Equipo H,0,1,79,84
2016,13,Equipo A,Equipo G,0,1,92,93
2016,13,Equipo J,Equipo R,0,6,76,86
2016,13,Equipo E,Equipo Q,0,5,79,85
2016,13,Equipo K,Equipo L,1,1,83,82
2016,13,Equipo E,Equipo P,4,0,79,76
2016,13,Equipo J,Equipo T,1,0,76,89
2016,13,Equipo B,Equipo G,0,1,76,93
2016,13,Equipo F,Equipo O,1,2,83,90
2016,13,Equipo B,Equipo Q,1,0,76,85
2016,13,Equipo I,Equipo O,1,1,91,90
2016,14,Equipo J,Equipo P,1,0,76,76
2016,14,Equipo E,Equipo L,2,2,79,82
2016,14,Equipo E,Equipo N,1,2,79,78
2016,14,Equipo E,Equipo R,1,1,79,86
2016,14,Equipo C,Equipo R,3,3,79,86
2016,14,Equipo M,Equipo T,2,3,86,89
2016,14,Equipo I,Equipo L,2,0,91,82
2016,14,Equipo G,Equipo H,0,0,93,84
2016,14,Equipo D,Equipo E,0,1,73,79
2016,14,Equipo K,Equipo Q,1,1,83,85
2016,15,Equipo C,Equipo D,0,3,79,73
2016,15,Equipo B,Equipo P,0,0,76,76
2016,15,Equipo H,Equipo M,1,1,84,86
2016,15,Equipo G,Equipo O,2,1,93,90
2016,15,Equipo F,Equipo S,2,3,83,84
2016,15,Equipo B,Equipo T,0,2,76,89
2016,15,Equipo H,Equipo L,1,0,84,82
2016,15,Equipo M,Equipo S,0,1,86,84
2016,15,Equipo C,Equipo F,2,0,79,83
2016,15,Equipo A,Equipo K,6,1,92,83
2016,16,Equipo P,Equipo R,1,3,76,86
2016,16,Equipo J,Equipo Q,1,3,76,85
2016,16,Equipo G,Equipo Q,2,1,93,85
2016,16,Equipo C,Equipo G,2,4,79,93
2016,16,Equipo K,Equipo R,4,2,83,86
2016,16,Equipo E,Equipo S,3,0,79,84
2016,16,Equipo F,Equipo G,1,3,83,93
2016,16,Equipo B,Equipo C,2,0,76,79
2016,16,Equipo C,Equipo N,1,1,79,78
2016,16,Equipo C,Equipo O,0,2,79,90
2016,17,Equipo H,Equipo P,4,0,84,76
2016,17,Equipo O,Equipo Q,4,1,90,85
2016,17,Equipo R,Equipo T,3,0,86,89
2016,17,Equipo I,Equipo J,0,0,91,76
2016,17,Equipo G,Equipo K,2,1,93,83
2016,17,Equipo C,Equipo K,1,1,79,83
2016,17,Equipo F,Equipo T,0,0,83,89
2016,17,Equipo C,Equipo L,2,6,79,82
2016,17,Equipo C,Equipo E,2,0,79,79
2016,17,Equipo B,Equipo O,0,4,76,90
2016,18,Equipo M,Equipo N,2,0,86,78
2016,18,Equipo D,Equipo O,1,4,73,90
2016,18,Equipo O,Equipo P,3,1,90,76
2016,18,Equipo N,Equipo R,2,1,78,86
2016,18,Equipo M,Equipo P,6,0,86,76
2016,18,Equipo F,Equipo Q,2,3,83,85
2016,18,Equipo B,Equipo E,2,0,76,79
2016,18,Equipo N,Equipo O,1,1,78,90
2016,18,Equipo D,Equipo L,0,2,73,82
2016,18,Equipo K,Equipo T,2,4,83,89
2016,19,Equipo F,Equipo H,0,3,83,84
2016,19,Equipo A,Equipo M,0,0,92,86
2016,19,Equipo G,Equipo I,3,2,93,91
2016,19,Equipo D,Equipo M,1,1,73,86
2016,19,Equipo G,Equipo S,0,0,93,84
2016,19,Equipo N,Equipo S,1,1,78,84
2016,19,Equipo F,Equipo M,1,1,83,86
2016,19,Equipo C,Equipo M,2,4,79,86
2016,19,Equipo B,Equipo N,1,1,76,78
2016,19,Equipo B,Equipo S,4,1,76,84
2017,1,Equipo D,Equipo G,0,4,75,95
2017,1,Equipo A,Equipo H,1,0,95,86
2017,1,Equipo I,Equipo M,5,1,92,88
2017,1,Equipo C,Equipo F,2,0,82,82
2017,1,Equipo P,Equipo R,1,1,79,88
2017,1,Equipo H,Equipo M,2,2,86,88
2017,1,Equipo J,Equipo R,2,0,75,88
2017,1,Equipo D,Equipo J,2,1,75,75
2017,1,Equipo F,Equipo M,1,1,82,88
2017,1,Equipo C,Equipo H,1,5,82,86
2017,2,Equipo B,Equipo H,1,2,79,86
2017,2,Equipo M,Equipo R,3,2,88,88
2017,2,Equipo J,Equipo T,0,2,75,88
2017,2,Equipo F,Equipo R,0,1,82,88
2017,2,Equipo S,Equipo T,1,0,86,88
2017,2,Equipo K,Equipo L,2,0,83,82
2017,2,Equipo Q,Equipo T,2,0,83,88
2017,2,Equipo L,Equipo R,2,2,82,88
2017,2,Equipo A,Equipo S,0,0,95,86
2017,2,Equipo E,Equipo L,1,0,81,82
2017,3,Equipo C,Equipo L,1,0,82,82
2017,3,Equipo A,Equipo E,4,0,95,81
2017,3,Equipo D,Equipo M,2,5,75,88
2017,3,Equipo L,Equipo Q,3,2,82,83
2017,3,Equipo Q,Equipo R,1,1,83,88
2017,3,Equipo D,Equipo I,0,1,75,92
2017,3,Equipo I,Equipo S,1,0,92,86
2017,3,Equipo I,Equipo R,1,1,92,88
2017,3,Equipo G,Equipo O,1,1,95,91
2017,3,Equipo E,Equipo J,2,0,81,75
2017,4,Equipo J,Equipo N,1,1,75,79
2017,4,Equipo P,Equipo T,2,1,79,88
2017,4,Equipo P,Equipo Q,1,2,79,83
2017,4,Equipo L,Equipo O,0,0,82,91
2017,4,Equipo B,Equipo E,1,2,79,81
2017,4,Equipo E,Equipo S,1,1,81,86
2017,4,Equipo I,Equipo K,3,1,92,83
2017,4,Equipo H,Equipo N,4,1,86,79
2017,4,Equipo M,Equipo T,3,0,88,88
2017,4,Equipo H,Equipo Q,3,2,86,83
2017,5,Equipo D,Equipo O,0,3,75,91
2017,5,Equipo C,Equipo M,1,0,82,88
2017,5,Equipo E,Equipo G,0,6,81,95
2017,5,Equipo A,Equipo D,1,1,95,75
2017,5,Equipo L,Equipo M,2,3,82,88
2017,5,Equipo F,Equipo J,6,2,82,75
2017,5,Equipo K,Equipo M,1,4,83,88
2017,5,Equipo B,Equipo S,0,0,79,86
2017,5,Equipo J,Equipo K,0,1,75,83
2017,5,Equipo J,Equipo M,1,4,75,88
2017,6,Equipo I,Equipo J,2,2,92,75
2017,6,Equipo G,Equipo Q,5,0,95,83
2017,6,Equipo E,Equipo F,1,0,81,82
2017,6,Equipo F,Equipo T,3,1,82,88
2017,6,Equipo E,Equipo M,6,1,81,88
2017,6,Equipo R,Equipo S,0,1,88,86
2017,6,Equipo J,Equipo S,2,3,75,86
2017,6,Equipo H,Equipo J,1,0,86,75
2017,6,Equipo H,Equipo K,0,1,86,83
2017,6,Equipo I,Equipo P,2,0,92,79
2017,7,Equipo L,Equipo S,2,0,82,86
2017,7,Equipo D,Equipo P,1,0,75,79
2017,7,Equipo C,Equipo T,2,1,82,88
2017,7,Equipo N,Equipo T,1,1,79,88
2017,7,Equipo A,Equipo N,2,1,95,79
2017,7,Equipo D,Equipo T,0,6,75,88
2017,7,Equipo F,Equipo G,1,2,82,95
2017,7,Equipo C,Equipo Q,2,3,82,83
2017,7,Equipo E,Equipo P,1,0,81,79
2017,7,Equipo A,Equipo K,1,2,95,83
2017,8,Equipo G,Equipo M,3,1,95,88
2017,8,Equipo N,Equipo P,1,1,79,79
2017,8,Equipo A,Equipo F,3,1,95,82
2017,8,Equipo M,Equipo Q,3,0,88,83
2017,8,Equipo C,Equipo N,2,0,82,79
2017,8,Equipo E,Equipo N,0,2,81,79
2017,8,Equipo C,Equipo E,0,3,82,81
2017,8,Equipo B,Equipo G,1,0,79,95
2017,8,Equipo A,Equipo P,3,0,95,79
2017,8,Equipo O,Equipo S,3,2,91,86
2017,9,Equipo G,Equipo N,1,1,95,79
2017,9,Equipo C,Equipo K,3,2,82,83
2017,9,Equipo A,Equipo R,2,2,95,88
2017,9,Equipo B,Equipo L,1,0,79,82
2017,9,Equipo A,Equipo G,1,2,95,95
2017,9,Equipo H,Equipo R,3,1,86,88
2017,9,Equipo B,Equipo C,0,2,79,82
2017,9,Equipo M,Equipo O,2,2,88,91
2017,9,Equipo C,Equipo P,1,1,82,79
2017,9,Equipo G,Equipo R,2,0,95,88
2017,10,Equipo N,Equipo S,2,0,79,86
2017,10,Equipo B,Equipo F,4,2,79,82
2017,10,Equipo C,Equipo O,1,1,82,91
2017,10,Equipo H,Equipo O,1,2,86,91
2017,10,Equipo B,Equipo M,1,2,79,88
2017,10,Equipo D,Equipo E,3,1,75,81
2017,10,Equipo M,Equipo N,2,1,88,79
2017,10,Equipo A,Equipo M,1,0,95,88
2017,10,Equipo D,Equipo K,1,3,75,83
2017,10,Equipo O,Equipo Q,3,0,91,83
2017,11,Equipo G,Equipo T,1,0,95,88
2017,11,Equipo I,Equipo Q,1,1,92,83
2017,11,Equipo A,Equipo B,3,1,95,79
2017,11,Equipo C,Equipo S,0,1,82,86
2017,11,Equipo E,Equipo K,2,2,81,83
2017,11,Equipo I,Equipo N,5,0,92,79
2017,11,Equipo D,Equipo S,0,3,75,86
2017,11,Equipo A,Equipo O,3,2,95,91
2017,11,Equipo B,Equipo O,1,6,79,91
2017,11,Equipo I,Equipo O,1,1,92,91
2017,12,Equipo K,Equipo N,2,3,83,79
2017,12,Equipo E,Equipo Q,2,0,81,83
2017,12,Equipo G,Equipo P,3,0,95,79
2017,12,Equipo G,Equipo K,1,0,95,83
2017,12,Equipo J,Equipo O,1,0,75,91
2017,12,Equipo G,Equipo S,1,1,95,86
2017,12,Equipo E,Equipo R,0,1,81,88
2017,12,Equipo I,Equipo T,1,0,92,88
2017,12,Equipo O,Equipo T,1,0,91,88
2017,12,Equipo C,Equipo G,0,2,82,95
2017,13,Equipo K,Equipo R,1,2,83,88
2017,13,Equipo C,Equipo R,2,3,82,88
2017,13,Equipo F,Equipo L,0,0,82,82
2017,13,Equipo D,Equipo Q,2,0,75,83
2017,13,Equipo F,Equipo N,6,0,82,79
2017,13,Equipo A,Equipo J,3,0,95,75
2017,13,Equipo B,Equipo N,1,1,79,79
2017,13,Equipo D,Equipo L,0,3,75,82
2017,13,Equipo A,Equipo I,2,1,95,92
2017,13,Equipo P,Equipo S,0,1,79,86
2017,14,Equipo K,Equipo S,1,2,83,86
2017,14,Equipo M,Equipo S,1,3,88,86
2017,14,Equipo J,Equipo L,0,3,75,82
2017,14,Equipo F,Equipo H,2,0,82,86
2017,14,Equipo L,Equipo T,4,1,82,88
2017,14,Equipo C,Equipo J,3,0,82,75
2017,14,Equipo F,Equipo O,1,0,82,91
2017,14,Equipo F,Equipo S,1,1,82,86
2017,14,Equipo J,Equipo P,0,0,75,79
2017,14,Equipo G,Equipo J,1,2,95,75
2017,15,Equipo G,Equipo L,3,0,95,82
2017,15,Equipo K,Equipo Q,1,1,83,83
2017,15,Equipo F,Equipo I,2,1,82,92
2017,15,Equipo A,Equipo Q,0,1,95,83
2017,15,Equipo I,Equipo L,5,0,92,82
2017,15,Equipo O,Equipo R,2,1,91,88
2017,15,Equipo B,Equipo I,1,2,79,92
2017,15,Equipo N,Equipo Q,0,2,79,83
2017,15,Equipo D,Equipo H,1,1,75,86
2017,15,Equipo G,Equipo H,3,0,95,86
2017,16,Equipo J,Equipo Q,1,1,75,83
2017,16,Equipo G,Equipo I,3,2,95,92
2017,16,Equipo B,Equipo J,1,0,79,75
2017,16,Equipo C,Equipo I,1,3,82,92
2017,16,Equipo B,Equipo P,2,0,79,79
2017,16,Equipo H,Equipo T,1,2,86,88
2017,16,Equipo B,Equipo R,0,1,79,88
2017,16,Equipo D,Equipo N,0,0,75,79
2017,16,Equipo B,Equipo T,3,1,79,88
2017,16,Equipo O,Equipo P,2,2,91,79
2017,17,Equipo M,Equipo P,2,2,88,79
2017,17,Equipo B,Equipo D,1,0,79,75
2017,17,Equipo K,Equipo P,2,0,83,79
2017,17,Equipo B,Equipo Q,1,2,79,83
2017,17,Equipo N,Equipo R,0,0,79,88
2017,17,Equipo D,Equipo F,0,1,75,82
2017,17,Equipo E,Equipo T,1,2,81,88
2017,17,Equipo B,Equipo K,2,1,79,83
2017,17,Equipo F,Equipo P,5,0,82,79
2017,17,Equipo H,Equipo I,0,4,86,92
2017,18,Equipo F,Equipo Q,1,3,82,83
2017,18,Equipo L,Equipo P,2,1,82,79
2017,18,Equipo H,Equipo P,0,1,86,79
2017,18,Equipo H,Equipo L,4,1,86,82
2017,18,Equipo A,Equipo T,5,1,95,88
2017,18,Equipo E,Equipo I,1,3,81,92
2017,18,Equipo A,Equipo L,2,2,95,82
2017,18,Equipo R,Equipo T,6,2,88,88
2017,18,Equipo K,Equipo T,3,0,83,88
2017,18,Equipo D,Equipo R,0,1,75,88
2017,19,Equipo L,Equipo N,2,1,82,79
2017,19,Equipo K,Equipo O,0,0,83,91
2017,19,Equipo A,Equipo C,1,1,95,82
2017,19,Equipo N,Equipo O,0,2,79,91
2017,19,Equipo E,Equipo H,2,2,81,86
2017,19,Equipo H,Equipo S,1,1,86,86
2017,19,Equipo C,Equipo D,4,0,82,75
2017,19,Equipo Q,Equipo S,1,2,83,86
2017,19,Equipo F,Equipo K,2,1,82,83
2017,19,Equipo E,Equipo O,2,1,81,91
2018,1,Equipo O,Equipo S,2,2,90,86
2018,1,Equipo G,Equipo R,4,0,95,86
2018,1,Equipo K,Equipo T,0,0,83,89
2018,1,Equipo J,Equipo S,2,0,73,86
2018,1,Equipo D,Equipo L,1,1,76,83
2018,1,Equipo A,Equipo Q,1,2,94,86
2018,1,Equipo F,Equipo R,0,1,80,86
2018,1,Equipo F,Equipo L,2,1,80,83
2018,1,Equipo E,Equipo P,0,1,79,81
2018,1,Equipo D,Equipo O,2,2,76,90
2018,2,Equipo E,Equipo L,3,0,79,83
2018,2,Equipo C,Equipo K,0,1,85,83
2018,2,Equipo C,Equipo D,2,0,85,76
2018,2,Equipo H,Equipo Q,0,3,84,86
2018,2,Equipo L,Equipo O,0,2,83,90
2018,2,Equipo I,Equipo P,3,0,93,81
2018,2,Equipo D,Equipo E,0,3,76,79
2018,2,Equipo B,Equipo E,1,0,79,79
2018,2,Equipo B,Equipo D,1,1,79,76
2018,2,Equipo C,Equipo M,3,1,85,86
2018,3,Equipo F,Equipo T,1,2,80,89
2018,3,Equipo I,Equipo R,2,2,93,86
2018,3,Equipo A,Equipo L,2,0,94,83
2018,3,Equipo H,Equipo S,0,2,84,86
2018,3,Equipo D,Equipo S,3,1,76,86
2018,3,Equipo B,Equipo L,0,2,79,83
2018,3,Equipo L,Equipo M,1,0,83,86
2018,3,Equipo B,Equipo F,1,0,79,80
2018,3,Equipo R,Equipo S,1,1,86,86
2018,3,Equipo C,Equipo S,1,1,85,86
2018,4,Equipo B,Equipo K,1,2,79,83
2018,4,Equipo K,Equipo N,3,2,83,80
2018,4,Equipo M,Equipo P,0,1,86,81
2018,4,Equipo D,Equipo F,2,1,76,80
2018,4,Equipo C,Equipo O,2,2,85,90
2018,4,Equipo G,Equipo S,1,1,95,86
2018,4,Equipo B,Equipo R,1,2,79,86
2018,4,Equipo H,Equipo L,2,3,84,83
2018,4,Equipo J,Equipo O,0,2,73,90
2018,4,Equipo A,Equipo H,1,0,94,84
2018,5,Equipo F,Equipo S,2,3,80,86
2018,5,Equipo O,Equipo T,3,0,90,89
2018,5,Equipo G,Equipo N,3,1,95,80
2018,5,Equipo C,Equipo L,0,5,85,83
2018,5,Equipo A,Equipo R,1,1,94,86
2018,5,Equipo A,Equipo M,2,0,94,86
2018,5,Equipo K,Equipo M,1,0,83,86
2018,5,Equipo E,Equipo G,2,4,79,95
2018,5,Equipo A,Equipo E,3,0,94,79
2018,5,Equipo N,Equipo R,0,4,80,86
2018,6,Equipo F,Equipo O,0,2,80,90
2018,6,Equipo S,Equipo T,0,0,86,89
2018,6,Equipo D,Equipo M,1,4,76,86
2018,6,Equipo E,Equipo J,3,1,79,73
2018,6,Equipo A,Equipo O,1,0,94,90
2018,6,Equipo J,Equipo P,1,2,73,81
2018,6,Equipo I,Equipo K,3,1,93,83
2018,6,Equipo H,Equipo P,2,2,84,81
2018,6,Equipo G,Equipo L,1,0,95,83
2018,6,Equipo F,Equipo G,0,5,80,95
2018,7,Equipo D,Equipo I,1,3,76,93
2018,7,Equipo P,Equipo Q,3,1,81,86
2018,7,Equipo C,Equipo P,0,1,85,81
2018,7,Equipo E,Equipo F,1,3,79,80
2018,7,Equipo E,Equipo K,0,0,79,83
2018,7,Equipo E,Equipo S,4,1,79,86
2018,7,Equipo F,Equipo N,1,1,80,80
2018,7,Equipo K,Equipo O,2,0,83,90
2018,7,Equipo M,Equipo T,1,1,86,89
2018,7,Equipo L,Equipo S,2,3,83,86
2018,8,Equipo D,Equipo Q,0,1,76,86
2018,8,Equipo M,Equipo N,0,0,86,80
2018,8,Equipo C,Equipo N,0,1,85,80
2018,8,Equipo C,Equipo J,2,0,85,73
2018,8,Equipo L,Equipo P,4,2,83,81
2018,8,Equipo A,Equipo F,1,2,94,80
2018,8,Equipo P,Equipo S,3,5,81,86
2018,8,Equipo H,Equipo R,1,2,84,86
2018,8,Equipo H,Equipo K,1,2,84,83
2018,8,Equipo C,Equipo H,1,2,85,84
2018,9,Equipo D,Equipo T,1,1,76,89
2018,9,Equipo L,Equipo T,1,1,83,89
2018,9,Equipo E,Equipo Q,1,1,79,86
2018,9,Equipo O,Equipo Q,0,1,90,86
2018,9,Equipo B,Equipo T,1,0,79,89
2018,9,Equipo D,Equipo N,2,1,76,80
2018,9,Equipo O,Equipo P,2,0,90,81
2018,9,Equipo C,Equipo I,0,2,85,93
2018,9,Equipo K,Equipo Q,1,0,83,86
2018,9,Equipo B,Equipo G,0,2,79,95
2018,10,Equipo A,Equipo C,4,0,94,85
2018,10,Equipo J,Equipo N,1,2,73,80
2018,10,Equipo M,Equipo S,1,0,86,86
2018,10,Equipo E,Equipo H,0,2,79,84
2018,10,Equipo C,Equipo Q,2,1,85,86
2018,10,Equipo A,Equipo B,2,0,94,79
2018,10,Equipo G,Equipo Q,2,0,95,86
2018,10,Equipo F,Equipo Q,0,0,80,86
2018,10,Equipo F,Equipo K,4,2,80,83
2018,10,Equipo G,Equipo O,1,2,95,90
2018,11,Equipo E,Equipo O,1,3,79,90
2018,11,Equipo J,Equipo T,1,2,73,89
2018,11,Equipo A,Equipo J,3,0,94,73
2018,11,Equipo N,Equipo S,1,2,80,86
2018,11,Equipo G,Equipo J,2,1,95,73
2018,11,Equipo Q,Equipo R,6,2,86,86
2018,11,Equipo F,Equipo P,0,0,80,81
2018,11,Equipo B,Equipo P,2,3,79,81
2018,11,Equipo I,Equipo Q,3,2,93,86
2018,11,Equipo C,Equipo F,1,2,85,80
2018,12,Equipo N,Equipo P,2,0,80,81
2018,12,Equipo F,Equipo I,1,3,80,93
2018,12,Equipo Q,Equipo S,2,1,86,86
2018,12,Equipo E,Equipo I,1,3,79,93
2018,12,Equipo H,Equipo N,1,1,84,80
2018,12,Equipo P,Equipo T,3,2,81,89
2018,12,Equipo O,Equipo R,2,1,90,86
2018,12,Equipo K,Equipo P,3,0,83,81
2018,12,Equipo J,Equipo K,1,2,73,83
2018,12,Equipo D,Equipo K,0,1,76,83
2018,13,Equipo B,Equipo I,1,2,79,93
2018,13,Equipo G,Equipo H,0,2,95,84
2018,13,Equipo I,Equipo T,2,0,93,89
2018,13,Equipo M,Equipo R,1,2,86,86
2018,13,Equipo B,Equipo O,2,3,79,90
2018,13,Equipo I,Equipo L,4,2,93,83
2018,13,Equipo C,Equipo R,0,1,85,86
2018,13,Equipo H,Equipo I,3,1,84,93
2018,13,Equipo G,Equipo P,2,0,95,81
2018,13,Equipo J,Equipo L,0,2,73,83
2018,14,Equipo J,Equipo R,0,2,73,86
2018,14,Equipo H,Equipo J,2,0,84,73
2018,14,Equipo B,Equipo M,1,1,79,86
2018,14,Equipo I,Equipo S,0,3,93,86
2018,14,Equipo R,Equipo T,0,0,86,89
2018,14,Equipo F,Equipo J,1,0,80,73
2018,14,Equipo B,Equipo C,1,1,79,85
2018,14,Equipo L,Equipo R,0,0,83,86
2018,14,Equipo A,Equipo T,2,0,94,89
2018,14,Equipo Q,Equipo T,0,1,86,89
2018,15,Equipo J,Equipo Q,1,1,73,86
2018,15,Equipo F,Equipo M,1,3,80,86
2018,15,Equipo A,Equipo G,3,0,94,95
2018,15,Equipo G,Equipo I,1,0,95,93
2018,15,Equipo I,Equipo O,2,1,93,90
2018,15,Equipo D,Equipo R,1,1,76,86
2018,15,Equipo E,Equipo R,0,2,79,86
2018,15,Equipo K,Equipo R,1,1,83,86
2018,15,Equipo F,Equipo H,0,2,80,84
2018,15,Equipo H,Equipo T,4,0,84,89
2018,16,Equipo N,Equipo O,0,2,80,90
2018,16,Equipo L,Equipo N,1,2,83,80
2018,16,Equipo H,Equipo M,0,2,84,86
2018,16,Equipo M,Equipo O,2,3,86,90
2018,16,Equipo E,Equipo M,1,0,79,86
2018,16,Equipo P,Equipo R,2,0,81,86
2018,16,Equipo D,Equipo G,0,0,76,95
2018,16,Equipo I,Equipo M,4,1,93,86
2018,16,Equipo B,Equipo Q,1,1,79,86
2018,16,Equipo G,Equipo K,1,0,95,83
2018,17,Equipo A,Equipo I,2,0,94,93
2018,17,Equipo M,Equipo Q,0,1,86,86
2018,17,Equipo E,Equipo N,4,1,79,80
2018,17,Equipo L,Equipo Q,1,1,83,86
2018,17,Equipo C,Equipo T,1,0,85,89
2018,17,Equipo B,Equipo S,0,1,79,86
2018,17,Equipo G,Equipo T,1,1,95,89
2018,17,Equipo A,Equipo P,2,3,94,81
2018,17,Equipo C,Equipo E,2,0,85,79
2018,17,Equipo D,Equipo H,0,2,76,84
2018,18,Equipo C,Equipo G,0,3,85,95
2018,18,Equipo K,Equipo S,1,0,83,86
2018,18,Equipo D,Equipo J,1,0,76,73
2018,18,Equipo D,Equipo P,0,1,76,81
2018,18,Equipo B,Equipo N,1,1,79,80
2018,18,Equipo N,Equipo Q,1,2,80,86
2018,18,Equipo B,Equipo J,2,1,79,73
2018,18,Equipo I,Equipo J,3,0,93,73
2018,18,Equipo J,Equipo M,2,2,73,86
2018,18,Equipo K,Equipo L,0,1,83,83
2018,19,Equipo A,Equipo K,0,0,94,83
2018,19,Equipo B,Equipo H,1,0,79,84
2018,19,Equipo E,Equipo T,2,5,79,89
2018,19,Equipo G,Equipo M,1,1,95,86
2018,19,Equipo A,Equipo N,0,0,94,80
2018,19,Equipo H,Equipo O,0,0,84,90
2018,19,Equipo A,Equipo S,1,2,94,86
2018,19,Equipo N,Equipo T,1,3,80,89
2018,19,Equipo A,Equipo D,3,0,94,76
2018,19,Equipo I,Equipo N,3,1,93,80
2019,1,Equipo H,Equipo I,1,2,85,95
2019,1,Equipo N,Equipo Q,0,1,83,85
2019,1,Equipo I,Equipo N,3,1,95,83
2019,1,Equipo B,Equipo I,0,3,78,95
2019,1,Equipo C,Equipo S,5,1,83,84
2019,1,Equipo M,Equipo N,4,2,88,83
2019,1,Equipo D,Equipo O,1,4,77,91
2019,1,Equipo A,Equipo S,1,0,93,84
2019,1,Equipo K,Equipo R,2,3,81,88
2019,1,Equipo G,Equipo N,3,1,95,83
2019,2,Equipo A,Equipo L,2,0,93,81
2019,2,Equipo O,Equipo Q,2,1,91,85
2019,2,Equipo E,Equipo H,1,2,81,85
2019,2,Equipo F,Equipo G,2,1,83,95
2019,2,Equipo A,Equipo C,0,0,93,83
2019,2,Equipo B,Equipo P,1,3,78,83
2019,2,Equipo N,Equipo P,1,1,83,83
2019,2,Equipo J,Equipo L,1,1,75,81
2019,2,Equipo G,Equipo M,1,0,95,88
2019,2,Equipo P,Equipo T,1,0,83,87
2019,3,Equipo E,Equipo J,1,0,81,75
2019,3,Equipo L,Equipo N,2,3,81,83
2019,3,Equipo J,Equipo K,2,2,75,81
2019,3,Equipo E,Equipo O,0,1,81,91
2019,3,Equipo C,Equipo T,0,2,83,87
2019,3,Equipo M,Equipo S,1,0,88,84
2019,3,Equipo P,Equipo Q,5,2,83,85
2019,3,Equipo F,Equipo N,0,2,83,83
2019,3,Equipo C,Equipo L,2,0,83,81
2019,3,Equipo H,Equipo O,0,3,85,91
2019,4,Equipo F,Equipo O,0,1,83,91
2019,4,Equipo A,Equipo B,5,0,93,78
2019,4,Equipo H,Equipo Q,1,0,85,85
2019,4,Equipo F,Equipo R,1,0,83,88
2019,4,Equipo H,Equipo K,2,0,85,81
2019,4,Equipo I,Equipo R,1,0,95,88
2019,4,Equipo A,Equipo H,1,3,93,85
2019,4,Equipo A,Equipo T,1,1,93,87
2019,4,Equipo B,Equipo L,4,0,78,81
2019,4,Equipo B,Equipo Q,0,4,78,85
2019,5,Equipo B,Equipo N,2,2,78,83
2019,5,Equipo B,Equipo E,1,2,78,81
2019,5,Equipo C,Equipo I,1,1,83,95
2019,5,Equipo A,Equipo G,3,0,93,95
2019,5,Equipo H,Equipo L,1,2,85,81
2019,5,Equipo B,Equipo C,0,0,78,83
2019,5,Equipo F,Equipo I,0,2,83,95
2019,5,Equipo C,Equipo E,2,2,83,81
2019,5,Equipo N,Equipo T,3,1,83,87
2019,5,Equipo A,Equipo I,2,1,93,95
2019,6,Equipo C,Equipo R,4,2,83,88
2019,6,Equipo H,Equipo J,2,0,85,75
2019,6,Equipo I,Equipo J,3,0,95,75
2019,6,Equipo C,Equipo M,0,0,83,88
2019,6,Equipo B,Equipo H,1,2,78,85
2019,6,Equipo M,Equipo Q,0,3,88,85
2019,6,Equipo I,Equipo P,5,2,95,83
2019,6,Equipo D,Equipo F,2,2,77,83
2019,6,Equipo N,Equipo O,0,2,83,91
2019,6,Equipo I,Equipo L,3,0,95,81
2019,7,Equipo A,Equipo R,2,0,93,88
2019,7,Equipo K,Equipo P,3,1,81,83
2019,7,Equipo G,Equipo T,0,2,95,87
2019,7,Equipo E,Equipo I,0,2,81,95
2019,7,Equipo K,Equipo T,3,0,81,87
2019,7,Equipo F,Equipo M,0,0,83,88
2019,7,Equipo D,Equipo I,0,1,77,95
2019,7,Equipo E,Equipo T,2,1,81,87
2019,7,Equipo B,Equipo O,1,0,78,91
2019,7,Equipo C,Equipo Q,0,2,83,85
2019,8,Equipo D,Equipo H,1,4,77,85
2019,8,Equipo B,Equipo G,1,3,78,95
2019,8,Equipo Q,Equipo S,1,1,85,84
2019,8,Equipo E,Equipo K,3,1,81,81
2019,8,Equipo G,Equipo J,1,1,95,75
2019,8,Equipo Q,Equipo T,2,3,85,87
2019,8,Equipo F,Equipo L,2,1,83,81
2019,8,Equipo O,Equipo R,2,2,91,88
2019,8,Equipo D,Equipo T,0,3,77,87
2019,8,Equipo K,Equipo N,1,1,81,83
2019,9,Equipo E,Equipo M,1,2,81,88
2019,9,Equipo Q,Equipo R,1,2,85,88
2019,9,Equipo K,Equipo Q,2,3,81,85
2019,9,Equipo I,Equipo O,0,0,95,91
2019,9,Equipo E,Equipo L,1,0,81,81
2019,9,Equipo A,Equipo N,0,0,93,83
2019,9,Equipo R,Equipo T,4,0,88,87
2019,9,Equipo D,Equipo S,1,1,77,84
2019,9,Equipo C,Equipo N,0,3,83,83
2019,9,Equipo L,Equipo R,2,0,81,88
2019,10,Equipo D,Equipo Q,1,2,77,85
2019,10,Equipo H,Equipo N,3,0,85,83
2019,10,Equipo D,Equipo R,1,3,77,88
2019,10,Equipo L,Equipo T,2,2,81,87
2019,10,Equipo A,Equipo M,1,0,93,88
2019,10,Equipo B,Equipo F,3,2,78,83
2019,10,Equipo E,Equipo S,2,0,81,84
2019,10,Equipo H,Equipo T,1,1,85,87
2019,10,Equipo E,Equipo R,0,1,81,88
2019,10,Equipo G,Equipo P,4,1,95,83
2019,11,Equipo J,Equipo O,0,0,75,91
2019,11,Equipo I,Equipo S,0,1,95,84
2019,11,Equipo A,Equipo P,1,0,93,83
2019,11,Equipo I,Equipo K,4,0,95,81
2019,11,Equipo G,Equipo R,1,0,95,88
2019,11,Equipo P,Equipo R,0,2,83,88
2019,11,Equipo F,Equipo T,0,2,83,87
2019,11,Equipo N,Equipo R,1,1,83,88
2019,11,Equipo J,Equipo R,0,3,75,88
2019,11,Equipo K,Equipo O,2,4,81,91
2019,12,Equipo B,Equipo S,3,3,78,84
2019,12,Equipo A,Equipo F,3,0,93,83
2019,12,Equipo C,Equipo F,4,0,83,83
2019,12,Equipo F,Equipo Q,3,0,83,85
2019,12,Equipo E,Equipo N,2,1,81,83
2019,12,Equipo D,Equipo G,0,3,77,95
2019,12,Equipo F,Equipo S,3,1,83,84
2019,12,Equipo E,Equipo F,1,2,81,83
2019,12,Equipo G,Equipo L,3,0,95,81
2019,12,Equipo A,Equipo K,0,0,93,81
2019,13,Equipo O,Equipo T,2,0,91,87
2019,13,Equipo B,Equipo M,2,6,78,88
2019,13,Equipo G,Equipo H,1,0,95,85
2019,13,Equipo K,Equipo S,1,3,81,84
2019,13,Equipo K,Equipo M,1,1,81,88
2019,13,Equipo E,Equipo P,5,0,81,83
2019,13,Equipo L,Equipo O,2,3,81,91
2019,13,Equipo C,Equipo G,0,3,83,95
2019,13,Equipo D,Equipo E,3,1,77,81
2019,13,Equipo D,Equipo P,0,3,77,83
2019,14,Equipo I,Equipo T,3,1,95,87
2019,14,Equipo A,Equipo O,1,1,93,91
2019,14,Equipo O,Equipo P,2,1,91,83
2019,14,Equipo L,Equipo Q,1,3,81,85
2019,14,Equipo F,Equipo P,0,0,83,83
2019,14,Equipo R,Equipo S,1,1,88,84
2019,14,Equipo B,Equipo K,1,1,78,81
2019,14,Equipo J,Equipo M,0,2,75,88
2019,14,Equipo M,Equipo T,3,2,88,87
2019,14,Equipo I,Equipo M,2,3,95,88
2019,15,Equipo J,Equipo N,0,2,75,83
2019,15,Equipo D,Equipo M,0,1,77,88
2019,15,Equipo I,Equipo Q,5,0,95,85
2019,15,Equipo D,Equipo L,1,1,77,81
2019,15,Equipo B,Equipo T,0,2,78,87
2019,15,Equipo E,Equipo Q,1,1,81,85
2019,15,Equipo A,Equipo E,1,0,93,81
2019,15,Equipo O,Equipo S,0,2,91,84
2019,15,Equipo P,Equipo S,0,3,83,84
2019,15,Equipo M,Equipo O,4,1,88,91
2019,16,Equipo M,Equipo P,3,2,88,83
2019,16,Equipo J,Equipo T,0,0,75,87
2019,16,Equipo A,Equipo J,3,1,93,75
2019,16,Equipo K,Equipo L,4,3,81,81
2019,16,Equipo B,Equipo R,1,1,78,88
2019,16,Equipo J,Equipo Q,2,3,75,85
2019,16,Equipo D,Equipo K,3,3,77,81
2019,16,Equipo B,Equipo D,2,3,78,77
2019,16,Equipo L,Equipo S,2,0,81,84
2019,16,Equipo H,Equipo S,3,0,85,84
2019,17,Equipo D,Equipo J,2,1,77,75
2019,17,Equipo C,Equipo P,2,1,83,83
2019,17,Equipo J,Equipo S,0,3,75,84
2019,17,Equipo M,Equipo R,3,3,88,88
2019,17,Equipo L,Equipo M,0,1,81,88
2019,17,Equipo G,Equipo K,0,0,95,81
2019,17,Equipo C,Equipo H,2,3,83,85
2019,17,Equipo F,Equipo J,3,0,83,75
2019,17,Equipo B,Equipo J,2,2,78,75
2019,17,Equipo C,Equipo D,3,1,83,77
2019,18,Equipo G,Equipo I,2,1,95,95
2019,18,Equipo C,Equipo K,3,1,83,81
2019,18,Equipo F,Equipo H,2,2,83,85
2019,18,Equipo G,Equipo S,2,1,95,84
2019,18,Equipo F,Equipo K,2,3,83,81
2019,18,Equipo L,Equipo P,3,1,81,83
2019,18,Equipo H,Equipo R,2,4,85,88
2019,18,Equipo S,Equipo T,1,3,84,87
2019,18,Equipo H,Equipo P,1,0,85,83
2019,18,Equipo J,Equipo P,0,2,75,83
2019,19,Equipo A,Equipo Q,2,0,93,85
2019,19,Equipo G,Equipo Q,3,1,95,85
2019,19,Equipo E,Equipo G,2,1,81,95
2019,19,Equipo A,Equipo D,3,1,93,77
2019,19,Equipo H,Equipo M,0,1,85,88
2019,19,Equipo N,Equipo S,0,0,83,84
2019,19,Equipo C,Equipo O,0,1,83,91
2019,19,Equipo D,Equipo N,1,0,77,83
2019,19,Equipo G,Equipo O,2,2,95,91
2019,19,Equipo C,Equipo J,2,2,83,75
2020,1,Equipo E,Equipo M,1,0,84,86
2020,1,Equipo B,Equipo G,0,2,80,95
2020,1,Equipo C,Equipo E,1,0,83,84
2020,1,Equipo D,Equipo S,0,1,76,84
2020,1,Equipo K,Equipo R,4,2,82,86
2020,1,Equipo B,Equipo F,0,1,80,86
2020,1,Equipo H,Equipo I,3,0,87,93
2020,1,Equipo A,Equipo G,0,1,93,95
2020,1,Equipo H,Equipo J,2,0,87,78
2020,1,Equipo J,Equipo Q,5,1,78,86
2020,2,Equipo L,Equipo R,0,1,79,86
2020,2,Equipo Q,Equipo T,2,1,86,89
2020,2,Equipo A,Equipo N,0,0,93,81
2020,2,Equipo N,Equipo O,1,3,81,94
2020,2,Equipo M,Equipo T,1,0,86,89
2020,2,Equipo F,Equipo M,3,3,86,86
2020,2,Equipo A,Equipo F,3,0,93,86
2020,2,Equipo G,Equipo T,2,1,95,89
2020,2,Equipo F,Equipo R,1,2,86,86
2020,2,Equipo C,Equipo S,0,1,83,84
2020,3,Equipo C,Equipo P,1,2,83,85
2020,3,Equipo P,Equipo S,3,2,85,84
2020,3,Equipo L,Equipo S,1,3,79,84
2020,3,Equipo B,Equipo S,4,3,80,84
2020,3,Equipo L,Equipo N,1,0,79,81
2020,3,Equipo H,Equipo O,3,0,87,94
2020,3,Equipo B,Equipo Q,0,1,80,86
2020,3,Equipo D,Equipo R,1,0,76,86
2020,3,Equipo F,Equipo P,2,3,86,85
2020,3,Equipo C,Equipo L,2,0,83,79
2020,4,Equipo D,Equipo G,0,4,76,95
2020,4,Equipo C,Equipo K,3,0,83,82
2020,4,Equipo D,Equipo J,1,1,76,78
2020,4,Equipo G,Equipo M,0,2,95,86
2020,4,Equipo D,Equipo M,1,0,76,86
2020,4,Equipo C,Equipo D,1,1,83,76
2020,4,Equipo A,Equipo L,1,0,93,79
2020,4,Equipo A,Equipo K,1,2,93,82
2020,4,Equipo D,Equipo N,2,0,76,81
2020,4,Equipo R,Equipo T,2,2,86,89
2020,5,Equipo D,Equipo I,0,2,76,93
2020,5,Equipo A,Equipo B,2,0,93,80
2020,5,Equipo N,Equipo R,2,0,81,86
2020,5,Equipo E,Equipo P,5,1,84,85
2020,5,Equipo E,Equipo N,1,1,84,81
2020,5,Equipo A,Equipo H,2,1,93,87
2020,5,Equipo E,Equipo T,1,2,84,89
2020,5,Equipo D,Equipo F,1,1,76,86
2020,5,Equipo B,Equipo O,0,2,80,94
2020,5,Equipo L,Equipo Q,0,0,79,86
2020,6,Equipo I,Equipo Q,3,1,93,86
2020,6,Equipo A,Equipo T,2,3,93,89
2020,6,Equipo K,Equipo L,1,3,82,79
2020,6,Equipo D,Equipo O,0,3,76,94
2020,6,Equipo B,Equipo K,1,2,80,82
2020,6,Equipo E,Equipo L,2,5,84,79
2020,6,Equipo M,Equipo N,2,0,86,81
2020,6,Equipo O,Equipo T,2,1,94,89
2020,6,Equipo B,Equipo L,2,0,80,79
2020,6,Equipo H,Equipo S,3,1,87,84
2020,7,Equipo I,Equipo M,2,1,93,86
2020,7,Equipo N,Equipo Q,0,1,81,86
2020,7,Equipo E,Equipo I,2,3,84,93
2020,7,Equipo R,Equipo S,0,1,86,84
2020,7,Equipo P,Equipo R,0,0,85,86
2020,7,Equipo C,Equipo O,2,2,83,94
2020,7,Equipo K,Equipo Q,0,2,82,86
2020,7,Equipo A,Equipo R,1,1,93,86
2020,7,Equipo N,Equipo T,2,0,81,89
2020,7,Equipo M,Equipo O,2,5,86,94
2020,8,Equipo K,Equipo T,1,2,82,89
2020,8,Equipo I,Equipo O,2,1,93,94
2020,8,Equipo J,Equipo N,0,4,78,81
2020,8,Equipo C,Equipo J,3,2,83,78
2020,8,Equipo H,Equipo L,1,2,87,79
2020,8,Equipo B,Equipo T,0,2,80,89
2020,8,Equipo E,Equipo H,1,2,84,87
2020,8,Equipo A,Equipo I,1,1,93,93
2020,8,Equipo O,Equipo P,2,0,94,85
2020,8,Equipo K,Equipo O,1,0,82,94
2020,9,Equipo C,Equipo M,2,3,83,86
2020,9,Equipo D,Equipo K,1,1,76,82
2020,9,Equipo F,Equipo N,2,0,86,81
2020,9,Equipo I,Equipo K,3,0,93,82
2020,9,Equipo A,Equipo S,3,2,93,84
2020,9,Equipo K,Equipo N,2,3,82,81
2020,9,Equipo B,Equipo I,0,0,80,93
2020,9,Equipo F,Equipo T,3,4,86,89
2020,9,Equipo B,Equipo R,0,1,80,86
2020,9,Equipo E,Equipo S,0,1,84,84
2020,10,Equipo H,Equipo K,1,3,87,82
2020,10,Equipo B,Equipo E,1,0,80,84
2020,10,Equipo L,Equipo T,0,2,79,89
2020,10,Equipo I,Equipo S,3,2,93,84
2020,10,Equipo E,Equipo R,2,1,84,86
2020,10,Equipo F,Equipo G,3,2,86,95
2020,10,Equipo C,Equipo I,1,2,83,93
2020,10,Equipo D,Equipo Q,0,5,76,86
2020,10,Equipo J,Equipo L,0,0,78,79
2020,10,Equipo L,Equipo O,1,1,79,94
2020,11,Equipo A,Equipo E,3,0,93,84
2020,11,Equipo L,Equipo M,1,1,79,86
2020,11,Equipo F,Equipo L,2,1,86,79
2020,11,Equipo F,Equipo K,2,0,86,82
2020,11,Equipo I,Equipo T,1,2,93,89
2020,11,Equipo B,Equipo P,1,2,80,85
2020,11,Equipo B,Equipo D,3,0,80,76
2020,11,Equipo G,Equipo N,1,0,95,81
2020,11,Equipo M,Equipo R,1,2,86,86
2020,11,Equipo I,Equipo P,3,2,93,85
2020,12,Equipo J,Equipo S,0,2,78,84
2020,12,Equipo E,Equipo J,1,2,84,78
2020,12,Equipo C,Equipo H,1,1,83,87
2020,12,Equipo F,Equipo J,3,1,86,78
2020,12,Equipo I,Equipo L,2,0,93,79
2020,12,Equipo H,Equipo M,1,1,87,86
2020,12,Equipo B,Equipo N,5,3,80,81
2020,12,Equipo F,Equipo S,0,2,86,84
2020,12,Equipo G,Equipo P,6,0,95,85
2020,12,Equipo A,Equipo J,2,0,93,78
2020,13,Equipo D,Equipo L,0,2,76,79
2020,13,Equipo J,Equipo P,0,0,78,85
2020,13,Equipo D,Equipo H,2,2,76,87
2020,13,Equipo G,Equipo J,7,0,95,78
2020,13,Equipo L,Equipo P,1,5,79,85
2020,13,Equipo E,Equipo O,4,2,84,94
2020,13,Equipo H,Equipo T,1,1,87,89
2020,13,Equipo E,Equipo K,4,0,84,82
2020,13,Equipo G,Equipo I,0,1,95,93
2020,13,Equipo P,Equipo Q,1,0,85,86
2020,14,Equipo F,Equipo O,0,3,86,94
2020,14,Equipo S,Equipo T,3,0,84,89
2020,14,Equipo D,Equipo T,0,3,76,89
2020,14,Equipo K,Equipo P,0,1,82,85
2020,14,Equipo M,Equipo Q,4,0,86,86
2020,14,Equipo J,Equipo O,1,3,78,94
2020,14,Equipo G,Equipo Q,1,1,95,86
2020,14,Equipo B,Equipo M,1,3,80,86
2020,14,Equipo B,Equipo C,3,2,80,83
2020,14,Equipo I,Equipo J,2,3,93,78
2020,15,Equipo D,Equipo P,1,0,76,85
2020,15,Equipo I,Equipo N,3,2,93,81
2020,15,Equipo C,Equipo F,3,3,83,86
2020,15,Equipo E,Equipo G,2,2,84,95
2020,15,Equipo G,Equipo R,3,0,95,86
2020,15,Equipo C,Equipo N,0,2,83,81
2020,15,Equipo C,Equipo R,2,0,83,86
2020,15,Equipo F,Equipo I,2,1,86,93
2020,15,Equipo A,Equipo D,4,0,93,76
2020,15,Equipo A,Equipo P,2,0,93,85
2020,16,Equipo O,Equipo Q,2,0,94,86
2020,16,Equipo B,Equipo J,3,2,80,78
2020,16,Equipo O,Equipo S,6,0,94,84
2020,16,Equipo A,Equipo Q,2,0,93,86
2020,16,Equipo A,Equipo O,0,0,93,94
2020,16,Equipo N,Equipo S,2,1,81,84
2020,16,Equipo J,Equipo T,1,0,78,89
2020,16,Equipo G,Equipo K,2,0,95,82
2020,16,Equipo Q,Equipo R,1,0,86,86
2020,16,Equipo C,Equipo G,2,1,83,95
2020,17,Equipo J,Equipo R,0,1,78,86
2020,17,Equipo E,Equipo F,2,3,84,86
2020,17,Equipo H,Equipo R,4,3,87,86
2020,17,Equipo A,Equipo M,2,0,93,86
2020,17,Equipo K,Equipo M,2,4,82,86
2020,17,Equipo J,Equipo K,0,1,78,82
2020,17,Equipo H,Equipo P,3,1,87,85
2020,17,Equipo I,Equipo R,2,0,93,86
2020,17,Equipo F,Equipo H,0,2,86,87
2020,17,Equipo H,Equipo N,3,1,87,81
2020,18,Equipo G,Equipo H,1,1,95,87
2020,18,Equipo Q,Equipo S,1,0,86,84
2020,18,Equipo B,Equipo H,2,0,80,87
2020,18,Equipo F,Equipo Q,1,0,86,86
2020,18,Equipo A,Equipo C,2,0,93,83
2020,18,Equipo M,Equipo P,0,0,86,85
2020,18,Equipo K,Equipo S,0,1,82,84
2020,18,Equipo G,Equipo S,4,0,95,84
2020,18,Equipo H,Equipo Q,2,0,87,86
2020,18,Equipo P,Equipo T,2,2,85,89
2020,19,Equipo G,Equipo L,6,2,95,79
2020,19,Equipo M,Equipo S,1,3,86,84
2020,19,Equipo O,Equipo R,3,1,94,86
2020,19,Equipo D,Equipo E,2,1,76,84
2020,19,Equipo C,Equipo T,0,2,83,89
2020,19,Equipo C,Equipo Q,2,1,83,86
2020,19,Equipo N,Equipo P,5,3,81,85
2020,19,Equipo J,Equipo M,2,1,78,86
2020,19,Equipo E,Equipo Q,2,4,84,86
2020,19,Equipo G,Equipo O,3,2,95,94
2021,1,Equipo E,Equipo J,3,2,87,76
2021,1,Equipo G,Equipo T,3,1,95,89
2021,1,Equipo D,Equipo G,0,4,75,95
2021,1,Equipo E,Equipo G,1,2,87,95
2021,1,Equipo B,Equipo S,1,0,83,86
2021,1,Equipo C,Equipo K,2,1,85,82
2021,1,Equipo D,Equipo J,2,1,75,76
2021,1,Equipo G,Equipo Q,3,0,95,87
2021,1,Equipo H,Equipo M,2,1,88,84
2021,1,Equipo E,Equipo F,0,0,87,86
2021,2,Equipo G,Equipo J,2,1,95,76
2021,2,Equipo N,Equipo S,0,3,82,86
2021,2,Equipo I,Equipo P,4,1,93,86
2021,2,Equipo A,Equipo F,2,0,92,86
2021,2,Equipo R,Equipo T,0,0,85,89
2021,2,Equipo C,Equipo Q,3,1,85,87
2021,2,Equipo C,Equipo F,3,0,85,86
2021,2,Equipo I,Equipo R,1,0,93,85
2021,2,Equipo J,Equipo K,0,1,76,82
2021,2,Equipo I,Equipo J,0,1,93,76
2021,3,Equipo M,Equipo Q,1,1,84,87
2021,3,Equipo G,Equipo M,1,1,95,84
2021,3,Equipo H,Equipo P,2,1,88,86
2021,3,Equipo A,Equipo C,2,0,92,85
2021,3,Equipo A,Equipo S,1,1,92,86
2021,3,Equipo L,Equipo P,0,1,77,86
2021,3,Equipo I,Equipo N,1,0,93,82
2021,3,Equipo P,Equipo Q,0,2,86,87
2021,3,Equipo K,Equipo P,1,2,82,86
2021,3,Equipo D,Equipo T,1,3,75,89
2021,4,Equipo F,Equipo R,2,0,86,85
2021,4,Equipo N,Equipo R,0,1,82,85
2021,4,Equipo E,Equipo O,2,2,87,94
2021,4,Equipo N,Equipo T,0,3,82,89
2021,4,Equipo B,Equipo N,0,3,83,82
2021,4,Equipo F,Equipo O,0,1,86,94
2021,4,Equipo I,Equipo Q,2,1,93,87
2021,4,Equipo F,Equipo I,1,2,86,93
2021,4,Equipo J,Equipo N,0,1,76,82
2021,4,Equipo C,Equipo J,0,0,85,76
2021,5,Equipo H,Equipo K,2,1,88,82
2021,5,Equipo G,Equipo P,2,1,95,86
2021,5,Equipo B,Equipo P,3,1,83,86
2021,5,Equipo J,Equipo Q,3,2,76,87
2021,5,Equipo A,Equipo O,1,0,92,94
2021,5,Equipo S,Equipo T,3,1,86,89
2021,5,Equipo L,Equipo M,1,2,77,84
2021,5,Equipo F,Equipo K,3,2,86,82
2021,5,Equipo C,Equipo G,1,3,85,95
2021,5,Equipo H,Equipo R,3,1,88,85
2021,6,Equipo D,Equipo R,0,3,75,85
2021,6,Equipo L,Equipo O,2,1,77,94
2021,6,Equipo D,Equipo N,0,2,75,82
2021,6,Equipo I,Equipo T,5,0,93,89
2021,6,Equipo A,Equipo Q,3,1,92,87
2021,6,Equipo C,Equipo M,0,1,85,84
2021,6,Equipo H,Equipo T,2,1,88,89
2021,6,Equipo M,Equipo O,2,1,84,94
2021,6,Equipo M,Equipo R,0,2,84,85
2021,6,Equipo B,Equipo E,3,2,83,87
2021,7,Equipo J,Equipo T,0,2,76,89
2021,7,Equipo C,Equipo N,3,0,85,82
2021,7,Equipo H,Equipo N,2,0,88,82
2021,7,Equipo A,Equipo N,2,0,92,82
2021,7,Equipo F,Equipo S,3,2,86,86
2021,7,Equipo M,Equipo T,3,2,84,89
2021,7,Equipo C,Equipo D,2,0,85,75
2021,7,Equipo P,Equipo T,2,2,86,89
2021,7,Equipo E,Equipo N,2,0,87,82
2021,7,Equipo J,Equipo R,0,3,76,85
2021,8,Equipo L,Equipo R,0,0,77,85
2021,8,Equipo J,Equipo S,0,1,76,86
2021,8,Equipo B,Equipo C,0,0,83,85
2021,8,Equipo K,Equipo T,1,0,82,89
2021,8,Equipo Q,Equipo T,2,1,87,89
2021,8,Equipo G,Equipo R,1,0,95,85
2021,8,Equipo H,Equipo S,1,2,88,86
2021,8,Equipo I,Equipo O,4,0,93,94
2021,8,Equipo N,Equipo P,1,2,82,86
2021,8,Equipo B,Equipo H,2,0,83,88
2021,9,Equipo E,Equipo K,5,3,87,82
2021,9,Equipo O,Equipo Q,3,0,94,87
2021,9,Equipo B,Equipo Q,2,1,83,87
2021,9,Equipo C,Equipo L,0,1,85,77
2021,9,Equipo D,Equipo O,1,3,75,94
2021,9,Equipo A,Equipo G,1,4,92,95
2021,9,Equipo L,Equipo T,0,2,77,89
2021,9,Equipo G,Equipo K,2,0,95,82
2021,9,Equipo G,Equipo I,0,0,95,93
2021,9,Equipo E,Equipo P,3,1,87,86
2021,10,Equipo A,Equipo I,1,1,92,93
2021,10,Equipo M,Equipo S,1,0,84,86
2021,10,Equipo K,Equipo S,1,1,82,86
2021,10,Equipo G,Equipo H,2,0,95,88
2021,10,Equipo Q,Equipo R,5,0,87,85
2021,10,Equipo C,Equipo E,0,1,85,87
2021,10,Equipo A,Equipo B,1,0,92,83
2021,10,Equipo A,Equipo P,2,1,92,86
2021,10,Equipo D,Equipo P,2,2,75,86
2021,10,Equipo F,Equipo M,1,1,86,84
2021,11,Equipo F,Equipo L,1,1,86,77
2021,11,Equipo H,Equipo O,1,1,88,94
2021,11,Equipo B,Equipo R,1,2,83,85
2021,11,Equipo H,Equipo L,2,0,88,77
2021,11,Equipo B,Equipo J,0,2,83,76
2021,11,Equipo E,Equipo L,2,1,87,77
2021,11,Equipo G,Equipo L,3,1,95,77
2021,11,Equipo E,Equipo M,1,2,87,84
2021,11,Equipo F,Equipo G,1,3,86,95
2021,11,Equipo E,Equipo R,0,0,87,85
2021,12,Equipo E,Equipo H,1,1,87,88
2021,12,Equipo A,Equipo M,3,1,92,84
2021,12,Equipo D,Equipo L,1,0,75,77
2021,12,Equipo B,Equipo D,2,0,83,75
2021,12,Equipo F,Equipo P,1,0,86,86
2021,12,Equipo G,Equipo O,0,0,95,94
2021,12,Equipo E,Equipo Q,1,0,87,87
2021,12,Equipo A,Equipo J,1,1,92,76
2021,12,Equipo F,Equipo J,2,0,86,76
2021,12,Equipo Q,Equipo S,1,0,87,86
2021,13,Equipo B,Equipo O,0,2,83,94
2021,13,Equipo M,Equipo N,5,0,84,82
2021,13,Equipo C,Equipo H,0,1,85,88
2021,13,Equipo K,Equipo L,3,0,82,77
2021,13,Equipo I,Equipo L,2,0,93,77
2021,13,Equipo I,Equipo K,7,2,93,82
2021,13,Equipo D,Equipo M,0,1,75,84
2021,13,Equipo O,Equipo P,1,1,94,86
2021,13,Equipo C,Equipo R,1,3,85,85
2021,13,Equipo B,Equipo G,0,4,83,95
2021,14,Equipo J,Equipo P,1,2,76,86
2021,14,Equipo I,Equipo S,3,0,93,86
2021,14,Equipo D,Equipo K,0,1,75,82
2021,14,Equipo D,Equipo Q,1,2,75,87
2021,14,Equipo D,Equipo H,1,3,75,88
2021,14,Equipo D,Equipo S,0,0,75,86
2021,14,Equipo E,Equipo S,2,1,87,86
2021,14,Equipo A,Equipo D,4,0,92,75
2021,14,Equipo B,Equipo M,1,1,83,84
2021,14,Equipo I,Equipo M,3,0,93,84
2021,15,Equipo H,Equipo I,2,5,88,93
2021,15,Equipo B,Equipo T,1,1,83,89
2021,15,Equipo K,Equipo R,2,0,82,85
2021,15,Equipo G,Equipo N,1,1,95,82
2021,15,Equipo F,Equipo N,4,0,86,82
2021,15,Equipo A,Equipo H,1,0,92,88
2021,15,Equipo P,Equipo R,3,2,86,85
2021,15,Equipo D,Equipo E,0,2,75,87
2021,15,Equipo C,Equipo T,3,0,85,89
2021,15,Equipo A,Equipo K,5,2,92,82
2021,16,Equipo F,Equipo T,4,2,86,89
2021,16,Equipo R,Equipo S,0,1,85,86
2021,16,Equipo A,Equipo R,1,1,92,85
2021,16,Equipo C,Equipo O,0,2,85,94
2021,16,Equipo L,Equipo Q,2,0,77,87
2021,16,Equipo J,Equipo L,1,1,76,77
2021,16,Equipo P,Equipo S,1,1,86,86
2021,16,Equipo N,Equipo Q,1,1,82,87
2021,16,Equipo E,Equipo T,1,0,87,89
2021,16,Equipo B,Equipo I,1,1,83,93
2021,17,Equipo C,Equipo I,0,0,85,93
2021,17,Equipo L,Equipo N,1,3,77,82
2021,17,Equipo K,Equipo Q,1,2,82,87
2021,17,Equipo K,Equipo O,2,1,82,94
2021,17,Equipo F,Equipo H,2,3,86,88
2021,17,Equipo J,Equipo O,3,5,76,94
2021,17,Equipo J,Equipo M,0,1,76,84
2021,17,Equipo O,Equipo T,1,0,94,89
2021,17,Equipo G,Equipo S,1,0,95,86
2021,17,Equipo D,Equipo I,2,2,75,93
2021,18,Equipo M,Equipo P,1,3,84,86
2021,18,Equipo K,Equipo M,2,1,82,84
2021,18,Equipo L,Equipo S,0,2,77,86
2021,18,Equipo K,Equipo N,0,0,82,82
2021,18,Equipo A,Equipo T,1,3,92,89
2021,18,Equipo O,Equipo S,2,1,94,86
2021,18,Equipo E,Equipo I,1,0,87,93
2021,18,Equipo H,Equipo J,3,0,88,76
2021,18,Equipo O,Equipo R,2,0,94,85
2021,18,Equipo B,Equipo K,3,1,83,82
2021,19,Equipo A,Equipo L,3,0,92,77
2021,19,Equipo D,Equipo F,0,1,75,86
2021,19,Equipo C,Equipo P,0,1,85,86
2021,19,Equipo H,Equipo Q,2,0,88,87
2021,19,Equipo C,Equipo S,0,1,85,86
2021,19,Equipo B,Equipo L,2,0,83,77
2021,19,Equipo F,Equipo Q,2,3,86,87
2021,19,Equipo B,Equipo F,2,2,83,86
2021,19,Equipo N,Equipo O,0,2,82,94
2021,19,Equipo A,Equipo E,4,1,92,87
2022,1,Equipo B,Equipo K,0,0,85,82
2022,1,Equipo J,Equipo O,0,5,75,95
2022,1,Equipo I,Equipo K,2,0,95,82
2022,1,Equipo C,Equipo R,1,1,85,83
2022,1,Equipo G,Equipo L,2,0,95,79
2022,1,Equipo M,Equipo N,1,0,83,81
2022,1,Equipo A,Equipo D,1,1,90,74
2022,1,Equipo B,Equipo H,3,2,85,90
2022,1,Equipo E,Equipo G,0,2,87,95
2022,1,Equipo H,Equipo L,5,1,90,79
2022,2,Equipo C,Equipo F,1,0,85,85
2022,2,Equipo L,Equipo M,2,0,79,83
2022,2,Equipo K,Equipo R,1,2,82,83
2022,2,Equipo H,Equipo T,0,0,90,91
2022,2,Equipo E,Equipo J,1,1,87,75
2022,2,Equipo K,Equipo O,0,2,82,95
2022,2,Equipo B,Equipo F,1,1,85,85
2022,2,Equipo A,Equipo N,2,0,90,81
2022,2,Equipo C,Equipo O,0,4,85,95
2022,2,Equipo C,Equipo K,2,2,85,82
2022,3,Equipo G,Equipo N,2,0,95,81
2022,3,Equipo I,Equipo M,3,0,95,83
2022,3,Equipo H,Equipo R,2,1,90,83
2022,3,Equipo A,Equipo L,1,1,90,79
2022,3,Equipo G,Equipo H,2,1,95,90
2022,3,Equipo K,Equipo N,5,1,82,81
2022,3,Equipo F,Equipo I,1,3,85,95
2022,3,Equipo G,Equipo T,3,0,95,91
2022,3,Equipo N,Equipo S,0,3,81,85
2022,3,Equipo F,Equipo H,0,1,85,90
2022,4,Equipo B,Equipo I,1,1,85,95
2022,4,Equipo D,Equipo J,1,1,74,75
2022,4,Equipo K,Equipo L,0,4,82,79
2022,4,Equipo K,Equipo P,1,2,82,84
2022,4,Equipo I,Equipo O,2,1,95,95
2022,4,Equipo O,Equipo Q,2,0,95,88
2022,4,Equipo A,Equipo R,5,0,90,83
2022,4,Equipo I,Equipo Q,1,1,95,88
2022,4,Equipo F,Equipo J,1,0,85,75
2022,4,Equipo J,Equipo N,0,4,75,81
2022,5,Equipo A,Equipo O,2,3,90,95
2022,5,Equipo F,Equipo K,3,3,85,82
2022,5,Equipo F,Equipo M,2,2,85,83
2022,5,Equipo F,Equipo Q,0,2,85,88
2022,5,Equipo G,Equipo M,2,1,95,83
2022,5,Equipo H,Equipo J,4,0,90,75
2022,5,Equipo B,Equipo C,0,0,85,85
2022,5,Equipo F,Equipo R,1,0,85,83
2022,5,Equipo E,Equipo K,2,0,87,82
2022,5,Equipo C,Equipo T,0,2,85,91
2022,6,Equipo J,Equipo Q,1,3,75,88
2022,6,Equipo A,Equipo F,0,0,90,85
2022,6,Equipo I,Equipo T,0,3,95,91
2022,6,Equipo L,Equipo S,1,1,79,85
2022,6,Equipo M,Equipo R,1,2,83,83
2022,6,Equipo C,Equipo L,1,1,85,79
2022,6,Equipo D,Equipo N,0,1,74,81
2022,6,Equipo D,Equipo Q,1,0,74,88
2022,6,Equipo P,Equipo R,0,0,84,83
2022,6,Equipo A,Equipo T,0,1,90,91
2022,7,Equipo H,Equipo Q,3,1,90,88
2022,7,Equipo L,Equipo R,0,2,79,83
2022,7,Equipo R,Equipo S,1,0,83,85
2022,7,Equipo M,Equipo P,3,0,83,84
2022,7,Equipo D,Equipo O,1,3,74,95
2022,7,Equipo E,Equipo S,2,0,87,85
2022,7,Equipo B,Equipo S,0,0,85,85
2022,7,Equipo O,Equipo T,1,0,95,91
2022,7,Equipo M,Equipo S,1,1,83,85
2022,7,Equipo B,Equipo Q,2,1,85,88
2022,8,Equipo C,Equipo N,1,0,85,81
2022,8,Equipo B,Equipo T,0,1,85,91
2022,8,Equipo C,Equipo G,0,4,85,95
2022,8,Equipo F,Equipo T,1,3,85,91
2022,8,Equipo D,Equipo M,0,1,74,83
2022,8,Equipo P,Equipo Q,0,1,84,88
2022,8,Equipo E,Equipo Q,0,1,87,88
2022,8,Equipo E,Equipo R,1,0,87,83
2022,8,Equipo A,Equipo K,3,0,90,82
2022,8,Equipo F,Equipo G,0,3,85,95
2022,9,Equipo B,Equipo J,4,0,85,75
2022,9,Equipo J,Equipo T,2,3,75,91
2022,9,Equipo H,Equipo I,4,0,90,95
2022,9,Equipo G,Equipo P,2,1,95,84
2022,9,Equipo D,Equipo L,1,0,74,79
2022,9,Equipo D,Equipo K,0,0,74,82
2022,9,Equipo E,Equipo N,6,0,87,81
2022,9,Equipo P,Equipo T,2,0,84,91
2022,9,Equipo G,Equipo R,7,0,95,83
2022,9,Equipo E,Equipo F,3,1,87,85
2022,10,Equipo I,Equipo S,3,0,95,85
2022,10,Equipo L,Equipo O,1,0,79,95
2022,10,Equipo D,Equipo T,0,1,74,91
2022,10,Equipo G,Equipo J,3,0,95,75
2022,10,Equipo A,Equipo P,2,2,90,84
2022,10,Equipo A,Equipo E,2,1,90,87
2022,10,Equipo I,Equipo L,4,0,95,79
2022,10,Equipo E,Equipo M,1,0,87,83
2022,10,Equipo A,Equipo G,1,3,90,95
2022,10,Equipo F,Equipo P,0,0,85,84
2022,11,Equipo B,Equipo M,2,1,85,83
2022,11,Equipo H,Equipo S,5,1,90,85
2022,11,Equipo I,Equipo N,3,0,95,81
2022,11,Equipo B,Equipo N,2,0,85,81
2022,11,Equipo C,Equipo M,4,1,85,83
2022,11,Equipo G,Equipo S,1,1,95,85
2022,11,Equipo J,Equipo L,2,3,75,79
2022,11,Equipo H,Equipo O,2,2,90,95
2022,11,Equipo A,Equipo B,0,0,90,85
2022,11,Equipo C,Equipo D,2,0,85,74
2022,12,Equipo P,Equipo S,2,1,84,85
2022,12,Equipo E,Equipo O,2,0,87,95
2022,12,Equipo M,Equipo T,1,3,83,91
2022,12,Equipo K,Equipo M,4,3,82,83
2022,12,Equipo G,Equipo K,3,0,95,82
2022,12,Equipo I,Equipo R,2,0,95,83
2022,12,Equipo G,Equipo I,0,0,95,95
2022,12,Equipo O,Equipo S,3,1,95,85
2022,12,Equipo C,Equipo S,0,2,85,85
2022,12,Equipo C,Equipo J,2,0,85,75
2022,13,Equipo A,Equipo S,1,4,90,85
2022,13,Equipo E,Equipo P,3,0,87,84
2022,13,Equipo A,Equipo I,1,2,90,95
2022,13,Equipo J,Equipo K,1,1,75,82
2022,13,Equipo D,Equipo R,1,2,74,83
2022,13,Equipo F,Equipo S,2,1,85,85
2022,13,Equipo N,Equipo R,2,0,81,83
2022,13,Equipo C,Equipo H,2,2,85,90
2022,13,Equipo J,Equipo S,0,1,75,85
2022,13,Equipo L,Equipo P,1,0,79,84
2022,14,Equipo K,Equipo T,0,1,82,91
2022,14,Equipo D,Equipo F,1,3,74,85
2022,14,Equipo H,Equipo M,2,0,90,83
2022,14,Equipo S,Equipo T,0,1,85,91
2022,14,Equipo H,Equipo N,1,0,90,81
2022,14,Equipo Q,Equipo R,0,0,88,83
2022,14,Equipo A,Equipo H,1,1,90,90
2022,14,Equipo F,Equipo O,0,3,85,95
2022,14,Equipo F,Equipo N,1,0,85,81
2022,14,Equipo B,Equipo O,3,5,85,95
2022,15,Equipo D,Equipo H,0,1,74,90
2022,15,Equipo F,Equipo L,2,0,85,79
2022,15,Equipo D,Equipo G,1,3,74,95
2022,15,Equipo B,Equipo R,1,0,85,83
2022,15,Equipo D,Equipo E,1,3,74,87
2022,15,Equipo C,Equipo I,2,5,85,95
2022,15,Equipo K,Equipo Q,0,1,82,88
2022,15,Equipo Q,Equipo S,2,0,88,85
2022,15,Equipo D,Equipo S,0,0,74,85
2022,15,Equipo Q,Equipo T,4,1,88,91
2022,16,Equipo B,Equipo L,0,0,85,79
2022,16,Equipo A,Equipo Q,0,2,90,88
2022,16,Equipo D,Equipo P,0,2,74,84
2022,16,Equipo O,Equipo R,6,1,95,83
2022,16,Equipo B,Equipo E,1,0,85,87
2022,16,Equipo K,Equipo S,1,1,82,85
2022,16,Equipo O,Equipo P,0,0,95,84
2022,16,Equipo N,Equipo Q,0,1,81,88
2022,16,Equipo B,Equipo P,1,2,85,84
2022,16,Equipo J,Equipo M,0,2,75,83
2022,17,Equipo G,Equipo Q,2,0,95,88
2022,17,Equipo J,Equipo P,0,2,75,84
2022,17,Equipo E,Equipo I,0,0,87,95
2022,17,Equipo E,Equipo H,1,2,87,90
2022,17,Equipo C,Equipo P,3,1,85,84
2022,17,Equipo A,Equipo J,6,0,90,75
2022,17,Equipo I,Equipo P,2,0,95,84
2022,17,Equipo R,Equipo T,0,4,83,91
2022,17,Equipo A,Equipo M,1,0,90,83
2022,17,Equipo A,Equipo C,4,2,90,85
2022,18,Equipo E,Equipo T,2,0,87,91
2022,18,Equipo C,Equipo E,1,1,85,87
2022,18,Equipo M,Equipo Q,3,1,83,88
2022,18,Equipo L,Equipo N,2,2,79,81
2022,18,Equipo L,Equipo Q,2,0,79,88
2022,18,Equipo E,Equipo L,1,0,87,79
2022,18,Equipo B,Equipo G,1,0,85,95
2022,18,Equipo N,Equipo P,1,0,81,84
2022,18,Equipo B,Equipo D,0,0,85,74
2022,18,Equipo I,Equipo J,4,1,95,75
2022,19,Equipo G,Equipo O,1,3,95,95
2022,19,Equipo M,Equipo O,3,0,83,95
2022,19,Equipo D,Equipo I,0,3,74,95
2022,19,Equipo N,Equipo T,0,3,81,91
2022,19,Equipo L,Equipo T,0,1,79,91
2022,19,Equipo H,Equipo P,1,1,90,84
2022,19,Equipo J,Equipo R,0,1,75,83
2022,19,Equipo C,Equipo Q,1,1,85,88
2022,19,Equipo N,Equipo O,1,2,81,95
2022,19,Equipo H,Equipo K,0,1,90,82
2023,1,Equipo L,Equipo Q,1,1,81,89
2023,1,Equipo F,Equipo M,1,2,86,82
2023,1,Equipo G,Equipo P,1,0,93,83
2023,1,Equipo A,Equipo Q,2,0,89,89
2023,1,Equipo K,Equipo Q,2,1,85,89
2023,1,Equipo I,Equipo K,1,0,94,85
2023,1,Equipo O,Equipo S,1,2,94,85
2023,1,Equipo L,Equipo O,0,1,81,94
2023,1,Equipo E,Equipo H,2,0,89,89
2023,1,Equipo B,Equipo G,0,3,83,93
2023,2,Equipo E,Equipo S,1,1,89,85
2023,2,Equipo P,Equipo T,0,0,83,94
2023,2,Equipo L,Equipo R,1,1,81,83
2023,2,Equipo D,Equipo K,1,1,77,85
2023,2,Equipo A,Equipo E,1,3,89,89
2023,2,Equipo F,Equipo P,1,0,86,83
2023,2,Equipo N,Equipo S,2,2,82,85
2023,2,Equipo B,Equipo H,1,4,83,89
2023,2,Equipo N,Equipo P,4,1,82,83
2023,2,Equipo G,Equipo H,5,2,93,89
2023,3,Equipo M,Equipo P,1,2,82,83
2023,3,Equipo M,Equipo Q,3,1,82,89
2023,3,Equipo B,Equipo R,0,0,83,83
2023,3,Equipo F,Equipo N,1,1,86,82
2023,3,Equipo I,Equipo Q,3,2,94,89
2023,3,Equipo E,Equipo G,1,1,89,93
2023,3,Equipo G,Equipo Q,0,0,93,89
2023,3,Equipo A,Equipo R,0,1,89,83
2023,3,Equipo F,Equipo Q,0,2,86,89
2023,3,Equipo A,Equipo S,0,0,89,85
2023,4,Equipo E,Equipo P,1,0,89,83
2023,4,Equipo A,Equipo D,2,1,89,77
2023,4,Equipo O,Equipo R,2,1,94,83
2023,4,Equipo H,Equipo Q,5,1,89,89
2023,4,Equipo D,Equipo I,0,2,77,94
2023,4,Equipo A,Equipo T,4,1,89,94
2023,4,Equipo I,Equipo L,3,1,94,81
2023,4,Equipo D,Equipo J,0,0,77,75
2023,4,Equipo G,Equipo K,2,1,93,85
2023,4,Equipo N,Equipo Q,0,2,82,89
2023,5,Equipo I,Equipo M,3,0,94,82
2023,5,Equipo H,Equipo J,5,0,89,75
2023,5,Equipo F,Equipo S,0,0,86,85
2023,5,Equipo B,Equipo C,1,0,83,84
2023,5,Equipo E,Equipo Q,1,2,89,89
2023,5,Equipo J,Equipo O,0,3,75,94
2023,5,Equipo N,Equipo R,2,2,82,83
2023,5,Equipo C,Equipo F,0,2,84,86
2023,5,Equipo E,Equipo O,1,2,89,94
2023,5,Equipo D,Equipo T,0,4,77,94
2023,6,Equipo G,Equipo I,2,1,93,94
2023,6,Equipo A,Equipo I,0,1,89,94
2023,6,Equipo J,Equipo N,1,2,75,82
2023,6,Equipo C,Equipo G,5,2,84,93
2023,6,Equipo J,Equipo T,1,0,75,94
2023,6,Equipo C,Equipo O,0,1,84,94
2023,6,Equipo E,Equipo N,2,0,89,82
2023,6,Equipo E,Equipo L,1,1,89,81
2023,6,Equipo D,Equipo E,1,1,77,89
2023,6,Equipo A,Equipo M,0,0,89,82
2023,7,Equipo A,Equipo L,1,0,89,81
2023,7,Equipo B,Equipo L,1,5,83,81
2023,7,Equipo G,Equipo J,2,0,93,75
2023,7,Equipo B,Equipo I,0,1,83,94
2023,7,Equipo C,Equipo E,1,2,84,89
2023,7,Equipo B,Equipo Q,2,4,83,89
2023,7,Equipo F,Equipo I,0,2,86,94
2023,7,Equipo E,Equipo R,4,3,89,83
2023,7,Equipo D,Equipo L,1,2,77,81
2023,7,Equipo J,Equipo K,0,1,75,85
2023,8,Equipo M,Equipo T,0,1,82,94
2023,8,Equipo D,Equipo Q,0,2,77,89
2023,8,Equipo G,Equipo T,0,2,93,94
2023,8,Equipo J,Equipo L,1,3,75,81
2023,8,Equipo E,Equipo T,2,2,89,94
2023,8,Equipo H,Equipo O,0,3,89,94
2023,8,Equipo F,Equipo K,0,0,86,85
2023,8,Equipo F,Equipo H,3,1,86,89
2023,8,Equipo N,Equipo T,1,3,82,94
2023,8,Equipo F,Equipo L,1,3,86,81
2023,9,Equipo I,Equipo J,0,0,94,75
2023,9,Equipo A,Equipo H,3,7,89,89
2023,9,Equipo O,Equipo T,1,1,94,94
2023,9,Equipo K,Equipo T,1,2,85,94
2023,9,Equipo Q,Equipo S,2,0,89,85
2023,9,Equipo N,Equipo O,0,0,82,94
2023,9,Equipo G,Equipo L,2,0,93,81
2023,9,Equipo K,Equipo L,0,0,85,81
2023,9,Equipo P,Equipo S,0,1,83,85
2023,9,Equipo A,Equipo N,0,0,89,82
2023,10,Equipo O,Equipo Q,4,0,94,89
2023,10,Equipo D,Equipo R,1,1,77,83
2023,10,Equipo D,Equipo S,0,1,77,85
2023,10,Equipo B,Equipo J,6,1,83,75
2023,10,Equipo C,Equipo I,1,3,84,94
2023,10,Equipo C,Equipo K,0,2,84,85
2023,10,Equipo G,Equipo O,1,1,93,94
2023,10,Equipo C,Equipo R,2,0,84,83
2023,10,Equipo B,Equipo O,0,2,83,94
2023,10,Equipo F,Equipo G,1,1,86,93
2023,11,Equipo I,Equipo O,3,2,94,94
2023,11,Equipo C,Equipo P,2,0,84,83
2023,11,Equipo D,Equipo M,5,0,77,82
2023,11,Equipo A,Equipo O,0,0,89,94
2023,11,Equipo C,Equipo H,0,1,84,89
2023,11,Equipo H,Equipo K,4,1,89,85
2023,11,Equipo G,Equipo M,3,1,93,82
2023,11,Equipo C,Equipo T,1,2,84,94
2023,11,Equipo L,Equipo M,1,1,81,82
2023,11,Equipo H,Equipo S,2,1,89,85
2023,12,Equipo C,Equipo M,0,0,84,82
2023,12,Equipo L,Equipo T,0,0,81,94
2023,12,Equipo A,Equipo F,0,0,89,86
2023,12,Equipo H,Equipo N,3,1,89,82
2023,12,Equipo F,Equipo T,1,0,86,94
2023,12,Equipo C,Equipo L,2,0,84,81
2023,12,Equipo A,Equipo G,3,1,89,93
2023,12,Equipo Q,Equipo R,0,1,89,83
2023,12,Equipo L,Equipo P,0,2,81,83
2023,12,Equipo A,Equipo P,4,0,89,83
2023,13,Equipo R,Equipo T,1,3,83,94
2023,13,Equipo J,Equipo S,1,3,75,85
2023,13,Equipo H,Equipo R,0,2,89,83
2023,13,Equipo J,Equipo R,1,1,75,83
2023,13,Equipo P,Equipo R,0,3,83,83
2023,13,Equipo K,Equipo P,0,3,85,83
2023,13,Equipo B,Equipo P,0,0,83,83
2023,13,Equipo K,Equipo M,1,2,85,82
2023,13,Equipo J,Equipo P,1,0,75,83
2023,13,Equipo G,Equipo R,4,0,93,83
2023,14,Equipo H,Equipo L,2,0,89,81
2023,14,Equipo A,Equipo K,3,2,89,85
2023,14,Equipo D,Equipo P,1,0,77,83
2023,14,Equipo J,Equipo M,1,3,75,82
2023,14,Equipo H,Equipo T,0,2,89,94
2023,14,Equipo A,Equipo J,0,1,89,75
2023,14,Equipo D,Equipo O,0,1,77,94
2023,14,Equipo I,Equipo R,3,0,94,83
2023,14,Equipo G,Equipo S,5,0,93,85
2023,14,Equipo D,Equipo H,0,3,77,89
2023,15,Equipo P,Equipo Q,0,5,83,89
2023,15,Equipo E,Equipo J,0,2,89,75
2023,15,Equipo J,Equipo Q,0,5,75,89
2023,15,Equipo C,Equipo D,4,0,84,77
2023,15,Equipo B,Equipo T,0,1,83,94
2023,15,Equipo Q,Equipo T,1,3,89,94
2023,15,Equipo K,Equipo O,1,4,85,94
2023,15,Equipo S,Equipo T,0,3,85,94
2023,15,Equipo F,Equipo R,0,0,86,83
2023,15,Equipo R,Equipo S,0,1,83,85
2023,16,Equipo M,Equipo N,1,1,82,82
2023,16,Equipo I,Equipo N,4,1,94,82
2023,16,Equipo E,Equipo I,1,4,89,94
2023,16,Equipo B,Equipo D,1,0,83,77
2023,16,Equipo A,Equipo B,2,2,89,83
2023,16,Equipo K,Equipo N,2,1,85,82
2023,16,Equipo C,Equipo Q,3,1,84,89
2023,16,Equipo D,Equipo G,0,5,77,93
2023,16,Equipo A,Equipo C,0,1,89,84
2023,16,Equipo F,Equipo J,5,1,86,75
2023,17,Equipo C,Equipo S,1,1,84,85
2023,17,Equipo B,Equipo K,1,0,83,85
2023,17,Equipo E,Equipo M,3,1,89,82
2023,17,Equipo H,Equipo M,2,2,89,82
2023,17,Equipo D,Equipo F,0,0,77,86
2023,17,Equipo H,Equipo I,5,2,89,94
2023,17,Equipo B,Equipo S,0,1,83,85
2023,17,Equipo C,Equipo J,2,1,84,75
2023,17,Equipo C,Equipo N,0,1,84,82
2023,17,Equipo M,Equipo R,1,1,82,83
2023,18,Equipo K,Equipo S,0,0,85,85
2023,18,Equipo E,Equipo F,1,0,89,86
2023,18,Equipo M,Equipo O,3,4,82,94
2023,18,Equipo B,Equipo E,1,2,83,89
2023,18,Equipo B,Equipo M,1,4,83,82
2023,18,Equipo K,Equipo R,1,1,85,83
2023,18,Equipo O,Equipo P,0,1,94,83
2023,18,Equipo E,Equipo K,0,2,89,85
2023,18,Equipo I,Equipo T,1,2,94,94
2023,18,Equipo D,Equipo N,1,1,77,82
2023,19,Equipo B,Equipo N,1,1,83,82
2023,19,Equipo H,Equipo P,0,1,89,83
2023,19,Equipo L,Equipo S,1,4,81,85
2023,19,Equipo I,Equipo P,3,0,94,83
2023,19,Equipo F,Equipo O,1,0,86,94
2023,19,Equipo B,Equipo F,3,1,83,86
2023,19,Equipo G,Equipo N,1,0,93,82
2023,19,Equipo L,Equipo N,1,2,81,82
2023,19,Equipo I,Equipo S,0,1,94,85
2023,19,Equipo M,Equipo S,1,1,82,85
2024,1,Equipo K,Equipo M,4,0,88,83
2024,1,Equipo E,Equipo K,6,0,92,88
2024,1,Equipo N,Equipo T,1,1,83,95
2024,1,Equipo M,Equipo O,0,3,83,95
2024,1,Equipo G,Equipo N,1,2,91,83
2024,1,Equipo A,Equipo T,1,2,87,95
2024,1,Equipo L,Equipo S,1,0,79,88
2024,1,Equipo B,Equipo C,1,1,84,82
2024,1,Equipo C,Equipo H,1,2,82,87
2024,1,Equipo F,Equipo Q,0,2,85,92
2024,2,Equipo C,Equipo E,0,1,82,92
2024,2,Equipo L,Equipo N,2,3,79,83
2024,2,Equipo H,Equipo P,3,0,87,81
2024,2,Equipo A,Equipo B,1,2,87,84
2024,2,Equipo I,Equipo L,4,0,95,79
2024,2,Equipo S,Equipo T,0,3,88,95
2024,2,Equipo J,Equipo R,1,5,77,84
2024,2,Equipo E,Equipo G,2,1,92,91
2024,2,Equipo G,Equipo I,0,1,91,95
2024,2,Equipo D,Equipo F,1,0,80,85
2024,3,Equipo A,Equipo O,0,1,87,95
2024,3,Equipo I,Equipo R,4,1,95,84
2024,3,Equipo G,Equipo Q,2,3,91,92
2024,3,Equipo J,Equipo P,0,2,77,81
2024,3,Equipo I,Equipo S,1,0,95,88
2024,3,Equipo D,Equipo N,1,2,80,83
2024,3,Equipo M,Equipo N,5,2,83,83
2024,3,Equipo A,Equipo I,0,0,87,95
2024,3,Equipo C,Equipo I,1,5,82,95
2024,3,Equipo F,Equipo O,1,2,85,95
2024,4,Equipo A,Equipo D,1,0,87,80
2024,4,Equipo K,Equipo R,2,1,88,84
2024,4,Equipo A,Equipo E,0,4,87,92
2024,4,Equipo C,Equipo O,0,2,82,95
2024,4,Equipo N,Equipo R,3,3,83,84
2024,4,Equipo F,Equipo H,1,2,85,87
2024,4,Equipo C,Equipo F,1,2,82,85
2024,4,Equipo I,Equipo Q,2,1,95,92
2024,4,Equipo E,Equipo I,1,1,92,95
2024,4,Equipo J,Equipo K,2,3,77,88
2024,5,Equipo M,Equipo T,0,2,83,95
2024,5,Equipo E,Equipo J,1,0,92,77
2024,5,Equipo I,Equipo P,3,0,95,81
2024,5,Equipo B,Equipo J,0,0,84,77
2024,5,Equipo F,Equipo K,1,1,85,88
2024,5,Equipo J,Equipo T,0,6,77,95
2024,5,Equipo G,Equipo P,3,0,91,81
2024,5,Equipo J,Equipo Q,0,1,77,92
2024,5,Equipo F,Equipo P,1,2,85,81
2024,5,Equipo B,Equipo K,1,3,84,88
2024,6,Equipo B,Equipo I,2,2,84,95
2024,6,Equipo O,Equipo Q,0,0,95,92
2024,6,Equipo D,Equipo J,1,0,80,77
2024,6,Equipo A,Equipo J,3,0,87,77
2024,6,Equipo H,Equipo J,2,0,87,77
2024,6,Equipo C,Equipo N,1,2,82,83
2024,6,Equipo C,Equipo L,2,1,82,79
2024,6,Equipo D,Equipo O,1,3,80,95
2024,6,Equipo I,Equipo T,0,1,95,95
2024,6,Equipo B,Equipo R,0,0,84,84
2024,7,Equipo B,Equipo L,0,0,84,79
2024,7,Equipo K,Equipo Q,3,0,88,92
2024,7,Equipo I,Equipo J,1,0,95,77
2024,7,Equipo G,Equipo O,2,0,91,95
2024,7,Equipo E,Equipo N,7,1,92,83
2024,7,Equipo Q,Equipo S,3,0,92,88
2024,7,Equipo B,Equipo T,2,3,84,95
2024,7,Equipo N,Equipo P,4,0,83,81
2024,7,Equipo E,Equipo H,2,0,92,87
2024,7,Equipo F,Equipo N,1,0,85,83
2024,8,Equipo C,Equipo G,0,2,82,91
2024,8,Equipo A,Equipo N,4,2,87,83
2024,8,Equipo E,Equipo S,1,1,92,88
2024,8,Equipo C,Equipo S,0,1,82,88
2024,8,Equipo D,Equipo E,1,2,80,92
2024,8,Equipo H,Equipo Q,2,0,87,92
2024,8,Equipo L,Equipo P,2,0,79,81
2024,8,Equipo H,Equipo L,4,0,87,79
2024,8,Equipo A,Equipo C,0,0,87,82
2024,8,Equipo K,Equipo P,1,1,88,81
2024,9,Equipo C,Equipo M,0,1,82,83
2024,9,Equipo C,Equipo D,3,0,82,80
2024,9,Equipo P,Equipo S,0,4,81,88
2024,9,Equipo F,Equipo I,0,1,85,95
2024,9,Equipo E,Equipo T,1,0,92,95
2024,9,Equipo H,Equipo T,1,1,87,95
2024,9,Equipo N,Equipo O,1,3,83,95
2024,9,Equipo D,Equipo T,0,3,80,95
2024,9,Equipo M,Equipo P,0,2,83,81
2024,9,Equipo L,Equipo M,0,1,79,83
2024,10,Equipo P,Equipo Q,0,3,81,92
2024,10,Equipo H,Equipo S,1,3,87,88
2024,10,Equipo E,Equipo P,5,0,92,81
2024,10,Equipo Q,Equipo T,1,2,92,95
2024,10,Equipo I,Equipo M,2,0,95,83
2024,10,Equipo M,Equipo S,1,0,83,88
2024,10,Equipo H,Equipo K,0,1,87,88
2024,10,Equipo B,Equipo P,1,0,84,81
2024,10,Equipo E,Equipo F,2,1,92,85
2024,10,Equipo H,Equipo I,3,3,87,95
2024,11,Equipo A,Equipo R,2,0,87,84
2024,11,Equipo J,Equipo M,2,0,77,83
2024,11,Equipo G,Equipo T,0,1,91,95
2024,11,Equipo N,Equipo S,2,0,83,88
2024,11,Equipo D,Equipo H,1,0,80,87
2024,11,Equipo F,Equipo S,5,1,85,88
2024,11,Equipo D,Equipo R,1,0,80,84
2024,11,Equipo C,Equipo T,0,5,82,95
2024,11,Equipo K,Equipo T,1,5,88,95
2024,11,Equipo A,Equipo P,2,0,87,81
2024,12,Equipo F,Equipo M,5,0,85,83
2024,12,Equipo E,Equipo R,5,3,92,84
2024,12,Equipo K,Equipo S,1,1,88,88
2024,12,Equipo O,Equipo S,2,0,95,88
2024,12,Equipo D,Equipo I,0,2,80,95
2024,12,Equipo B,Equipo S,0,2,84,88
2024,12,Equipo B,Equipo E,2,0,84,92
2024,12,Equipo A,Equipo H,1,1,87,87
2024,12,Equipo G,Equipo M,3,0,91,83
2024,12,Equipo B,Equipo N,1,1,84,83
2024,13,Equipo A,Equipo S,0,1,87,88
2024,13,Equipo B,Equipo G,2,3,84,91
2024,13,Equipo H,Equipo M,1,0,87,83
2024,13,Equipo B,Equipo F,1,1,84,85
2024,13,Equipo L,Equipo Q,1,1,79,92
2024,13,Equipo B,Equipo H,1,2,84,87
2024,13,Equipo A,Equipo F,3,1,87,85
2024,13,Equipo B,Equipo D,1,0,84,80
2024,13,Equipo P,Equipo R,3,4,81,84
2024,13,Equipo O,Equipo T,1,0,95,95
2024,14,Equipo Q,Equipo R,2,0,92,84
2024,14,Equipo D,Equipo Q,0,1,80,92
2024,14,Equipo I,Equipo O,1,1,95,95
2024,14,Equipo G,Equipo L,4,0,91,79
2024,14,Equipo K,Equipo O,0,4,88,95
2024,14,Equipo C,Equipo Q,2,2,82,92
2024,14,Equipo H,Equipo O,0,1,87,95
2024,14,Equipo G,Equipo R,2,2,91,84
2024,14,Equipo C,Equipo K,3,1,82,88
2024,14,Equipo B,Equipo M,1,2,84,83
2024,15,Equipo P,Equipo T,0,0,81,95
2024,15,Equipo L,Equipo T,0,0,79,95
2024,15,Equipo A,Equipo G,1,2,87,91
2024,15,Equipo I,Equipo K,0,0,95,88
2024,15,Equipo A,Equipo K,3,1,87,88
2024,15,Equipo D,Equipo K,0,2,80,88
2024,15,Equipo D,Equipo S,0,0,80,88
2024,15,Equipo F,Equipo G,2,1,85,91
2024,15,Equipo D,Equipo P,2,0,80,81
2024,15,Equipo O,Equipo P,2,1,95,81
2024,16,Equipo R,Equipo S,1,5,84,88
2024,16,Equipo G,Equipo S,3,1,91,88
2024,16,Equipo M,Equipo R,0,0,83,84
2024,16,Equipo J,Equipo O,0,4,77,95
2024,16,Equipo B,Equipo Q,4,1,84,92
2024,16,Equipo A,Equipo L,1,0,87,79
2024,16,Equipo C,Equipo J,2,2,82,77
2024,16,Equipo E,Equipo Q,1,0,92,92
2024,16,Equipo K,Equipo L,3,0,88,79
2024,16,Equipo F,Equipo R,0,1,85,84
2024,17,Equipo G,Equipo H,2,2,91,87
2024,17,Equipo D,Equipo M,4,1,80,83
2024,17,Equipo K,Equipo N,7,0,88,83
2024,17,Equipo F,Equipo T,1,3,85,95
2024,17,Equipo J,Equipo L,0,0,77,79
2024,17,Equipo G,Equipo K,3,3,91,88
2024,17,Equipo D,Equipo G,1,3,80,91
2024,17,Equipo N,Equipo Q,1,3,83,92
2024,17,Equipo R,Equipo T,1,1,84,95
2024,17,Equipo C,Equipo P,1,2,82,81
2024,18,Equipo O,Equipo R,1,1,95,84
2024,18,Equipo F,Equipo J,4,1,85,77
2024,18,Equipo L,Equipo R,1,2,79,84
2024,18,Equipo J,Equipo N,3,1,77,83
2024,18,Equipo F,Equipo L,0,4,85,79
2024,18,Equipo J,Equipo S,1,2,77,88
2024,18,Equipo C,Equipo R,1,0,82,84
2024,18,Equipo G,Equipo J,1,0,91,77
2024,18,Equipo A,Equipo Q,1,1,87,92
2024,18,Equipo H,Equipo R,0,2,87,84
2024,19,Equipo E,Equipo O,0,2,92,95
2024,19,Equipo M,Equipo Q,1,2,83,92
2024,19,Equipo E,Equipo L,3,2,92,79
2024,19,Equipo D,Equipo L,1,0,80,79
2024,19,Equipo E,Equipo M,1,0,92,83
2024,19,Equipo H,Equipo N,1,1,87,83
2024,19,Equipo A,Equipo M,0,0,87,83
2024,19,Equipo B,Equipo O,1,3,84,95
2024,19,Equipo L,Equipo O,1,5,79,95
2024,19,Equipo I,Equipo N,7,1,95,83
